电站id,电站名称,货币单位,日期,预期收益,实际收益
173,德业龙山2号,CNY,2026-01-13,3274.7,2109.72
173,德业龙山2号,CNY,2026-01-12,3274.7,2438.96
173,德业龙山2号,CNY,2026-01-11,3274.7,1723.44
173,德业龙山2号,CNY,2026-01-10,3274.7,2317.7
173,德业龙山2号,CNY,2026-01-09,3274.7,2122.59
173,德业龙山2号,CNY,2026-01-08,3274.7,2596.29
173,德业龙山2号,CNY,2026-01-07,3274.7,2671.32
173,德业龙山2号,CNY,2026-01-06,3274.7,3271.58
173,德业龙山2号,CNY,2026-01-05,3274.7,3413.03
173,德业龙山2号,CNY,2026-01-04,3274.7,2469.09
173,德业龙山2号,CNY,2026-01-03,3274.7,1724.76
173,德业龙山2号,CNY,2026-01-02,3274.7,1496.73
173,德业龙山2号,CNY,2026-01-01,3274.7,2229.75
173,德业龙山2号,CNY,2025-12-31,3531.09,2439.69
173,德业龙山2号,CNY,2025-12-30,3531.09,3502.85
173,德业龙山2号,CNY,2025-12-29,3531.09,1878.54
173,德业龙山2号,CNY,2025-12-28,3531.09,2002.12
173,德业龙山2号,CNY,2025-12-27,3531.09,2158.51
173,德业龙山2号,CNY,2025-12-26,3531.09,2080.45
173,德业龙山2号,CNY,2025-12-25,3531.09,2487.4
173,德业龙山2号,CNY,2025-12-24,3531.09,3653.6
173,德业龙山2号,CNY,2025-12-23,3531.09,3350.28
173,德业龙山2号,CNY,2025-12-22,3531.09,2658.05
173,德业龙山2号,CNY,2025-12-21,3531.09,3491.21
173,德业龙山2号,CNY,2025-12-20,3531.09,3478.09
173,德业龙山2号,CNY,2025-12-19,3531.09,3108.45
173,德业龙山2号,CNY,2025-12-18,3531.09,2927.74
173,德业龙山2号,CNY,2025-12-17,3531.09,3375.92
173,德业龙山2号,CNY,2025-12-16,3531.09,3485.35
173,德业龙山2号,CNY,2025-12-15,3531.09,2473.32
173,德业龙山2号,CNY,2025-12-14,3531.09,2265.95
173,德业龙山2号,CNY,2025-12-13,3531.09,3492.41
173,德业龙山2号,CNY,2025-12-12,3531.09,3582.51
173,德业龙山2号,CNY,2025-12-11,3531.09,2602.18
173,德业龙山2号,CNY,2025-12-10,3531.09,2649.71
173,德业龙山2号,CNY,2025-12-09,3531.09,2687.72
173,德业龙山2号,CNY,2025-12-08,3531.09,3501.38
173,德业龙山2号,CNY,2025-12-07,3531.09,2478.33
173,德业龙山2号,CNY,2025-12-06,3531.09,2681.94
173,德业龙山2号,CNY,2025-12-05,3531.09,3487.06
173,德业龙山2号,CNY,2025-12-04,3531.09,2612.74
173,德业龙山2号,CNY,2025-12-03,3531.09,3488.08
173,德业龙山2号,CNY,2025-12-02,3531.09,3518.97
173,德业龙山2号,CNY,2025-12-01,5076.05,2342.47
173,德业龙山2号,CNY,2025-11-30,3166.49,1304.48
173,德业龙山2号,CNY,2025-11-29,3166.49,1821.2
173,德业龙山2号,CNY,2025-11-28,3166.49,1807.01
173,德业龙山2号,CNY,2025-11-27,3166.49,1960.63
173,德业龙山2号,CNY,2025-11-26,3166.49,1674.45
173,德业龙山2号,CNY,2025-11-25,3166.49,1581.49
173,德业龙山2号,CNY,2025-11-24,3166.49,2629.91
173,德业龙山2号,CNY,2025-11-23,3166.49,1211.81
173,德业龙山2号,CNY,2025-11-22,3166.49,1708.03
173,德业龙山2号,CNY,2025-11-21,3166.49,1616.9
173,德业龙山2号,CNY,2025-11-20,3166.49,1479.55
173,德业龙山2号,CNY,2025-11-19,3166.49,1604.37
173,德业龙山2号,CNY,2025-11-18,3166.49,1748.94
173,德业龙山2号,CNY,2025-11-17,3166.49,2785.98
173,德业龙山2号,CNY,2025-11-16,3166.49,1393.04
173,德业龙山2号,CNY,2025-11-15,3166.49,1547.39
173,德业龙山2号,CNY,2025-11-14,3166.49,1679.12
173,德业龙山2号,CNY,2025-11-13,3166.49,2551.31
173,德业龙山2号,CNY,2025-11-12,3166.49,2851.26
173,德业龙山2号,CNY,2025-11-11,2705.43,2507.54
173,德业龙山2号,CNY,2025-11-10,2935.96,-20.53
173,德业龙山2号,CNY,2025-11-09,2935.96,-22.46
173,德业龙山2号,CNY,2025-11-08,2935.96,1702.78
173,德业龙山2号,CNY,2025-11-07,2857.82,2554.39
173,德业龙山2号,CNY,2025-11-06,976.46,1067.48
173,德业龙山2号,CNY,2025-11-05,3019.2,2805.68
173,德业龙山2号,CNY,2025-11-04,3846.79,2820.76
173,德业龙山2号,CNY,2025-10-31,2927.71,2583.14
173,德业龙山2号,CNY,2025-10-30,2927.71,2561.08
173,德业龙山2号,CNY,2025-10-29,2927.71,1284.09
173,德业龙山2号,CNY,2025-10-28,2927.71,2477.2
173,德业龙山2号,CNY,2025-10-27,2927.71,1896.41
173,德业龙山2号,CNY,2025-10-26,2927.71,2119.4
173,德业龙山2号,CNY,2025-10-25,2927.71,2560.65
173,德业龙山2号,CNY,2025-10-24,2927.71,2460.94
173,德业龙山2号,CNY,2025-10-23,2927.71,2559.64
173,德业龙山2号,CNY,2025-10-22,2927.71,2569.54
173,德业龙山2号,CNY,2025-10-21,2927.71,2585.45
173,德业龙山2号,CNY,2025-10-20,2927.71,2572.9
173,德业龙山2号,CNY,2025-10-19,2927.71,2555.12
173,德业龙山2号,CNY,2025-10-18,2927.71,2581.12
173,德业龙山2号,CNY,2025-10-17,2927.71,1664.2
173,德业龙山2号,CNY,2025-10-16,2927.71,2550.6
173,德业龙山2号,CNY,2025-10-15,2927.71,1316.92
173,德业龙山2号,CNY,2025-10-14,2927.71,2576.65
173,德业龙山2号,CNY,2025-10-13,2927.71,1755.15
173,德业龙山2号,CNY,2025-10-12,2927.71,1494.96
173,德业龙山2号,CNY,2025-10-11,2927.71,1431.95
173,德业龙山2号,CNY,2025-10-10,2927.71,1880.65
173,德业龙山2号,CNY,2025-10-09,2927.71,1733.42
173,德业龙山2号,CNY,2025-10-08,3167.94,1955.09
173,德业龙山2号,CNY,2025-10-07,3167.94,2468.13
173,德业龙山2号,CNY,2025-10-06,3167.94,432.52
173,德业龙山2号,CNY,2025-10-05,3167.94,-16.2
173,德业龙山2号,CNY,2025-10-04,3167.94,-39.66
173,德业龙山2号,CNY,2025-10-03,3167.94,0.53
173,德业龙山2号,CNY,2025-10-02,3167.94,-28.79
173,德业龙山2号,CNY,2025-10-01,3167.94,-577.19
173,德业龙山2号,CNY,2025-09-30,2898.47,2434.01
173,德业龙山2号,CNY,2025-09-29,2898.47,2103.07
173,德业龙山2号,CNY,2025-09-28,1429.16,1528.04
173,德业龙山2号,CNY,2025-09-27,2898.47,1848.26
173,德业龙山2号,CNY,2025-09-26,2898.47,1813.66
173,德业龙山2号,CNY,2025-09-25,2898.47,1808.57
173,德业龙山2号,CNY,2025-09-24,2898.47,2553.25
173,德业龙山2号,CNY,2025-09-23,2898.47,1666.24
173,德业龙山2号,CNY,2025-09-22,2898.47,1979.64
173,德业龙山2号,CNY,2025-09-21,2898.47,-17.18
173,德业龙山2号,CNY,2025-09-20,2898.47,-299.38
173,德业龙山2号,CNY,2025-09-19,2898.47,2514.56
173,德业龙山2号,CNY,2025-09-18,2898.47,2557.96
173,德业龙山2号,CNY,2025-09-17,2898.47,1186.55
173,德业龙山2号,CNY,2025-09-16,2898.47,1436.04
173,德业龙山2号,CNY,2025-09-15,2898.47,1518.44
173,德业龙山2号,CNY,2025-09-14,2898.47,1122.75
173,德业龙山2号,CNY,2025-09-13,2898.47,1609.09
173,德业龙山2号,CNY,2025-09-12,2898.47,1377.29
173,德业龙山2号,CNY,2025-09-11,2898.47,2488.2
173,德业龙山2号,CNY,2025-09-10,2898.47,2280.15
173,德业龙山2号,CNY,2025-09-09,2898.47,2526.27
173,德业龙山2号,CNY,2025-09-08,2898.47,1182.3
173,德业龙山2号,CNY,2025-09-07,2898.47,936.77
173,德业龙山2号,CNY,2025-09-06,2898.47,1257.45
173,德业龙山2号,CNY,2025-09-05,2898.47,1521.46
173,德业龙山2号,CNY,2025-09-04,2898.47,1786.35
173,德业龙山2号,CNY,2025-09-03,2898.47,1403.32
173,德业龙山2号,CNY,2025-09-02,2898.47,1548.51
173,德业龙山2号,CNY,2025-09-01,2898.47,1044.24
205,喜尔美厨具站,CNY,2026-01-13,6365.54,4883.6
205,喜尔美厨具站,CNY,2026-01-12,6365.54,4840.05
205,喜尔美厨具站,CNY,2026-01-11,6365.54,4763.41
205,喜尔美厨具站,CNY,2026-01-10,6365.54,4824.31
205,喜尔美厨具站,CNY,2026-01-09,6365.54,4918.76
205,喜尔美厨具站,CNY,2026-01-08,6365.54,4895.44
205,喜尔美厨具站,CNY,2026-01-07,6365.54,4671.97
205,喜尔美厨具站,CNY,2026-01-06,6365.54,4766.89
205,喜尔美厨具站,CNY,2026-01-05,6365.54,4841.63
205,喜尔美厨具站,CNY,2026-01-04,6365.54,4709.06
205,喜尔美厨具站,CNY,2026-01-03,6365.54,4846.26
205,喜尔美厨具站,CNY,2026-01-02,6365.54,4629.11
205,喜尔美厨具站,CNY,2026-01-01,6365.54,5492.38
205,喜尔美厨具站,CNY,2025-12-31,6780.13,4967.68
205,喜尔美厨具站,CNY,2025-12-30,6780.13,4851.24
205,喜尔美厨具站,CNY,2025-12-29,6780.13,5158.52
205,喜尔美厨具站,CNY,2025-12-28,6780.13,5315.79
205,喜尔美厨具站,CNY,2025-12-27,6780.13,5156.81
205,喜尔美厨具站,CNY,2025-12-26,6780.13,4944.53
205,喜尔美厨具站,CNY,2025-12-25,6780.13,5116.53
205,喜尔美厨具站,CNY,2025-12-24,6780.13,5123.19
205,喜尔美厨具站,CNY,2025-12-23,6780.13,4966.27
205,喜尔美厨具站,CNY,2025-12-22,6780.13,4949.57
205,喜尔美厨具站,CNY,2025-12-21,6780.13,4875.57
205,喜尔美厨具站,CNY,2025-12-20,6780.13,5549.88
205,喜尔美厨具站,CNY,2025-12-19,6780.13,4780.55
205,喜尔美厨具站,CNY,2025-12-18,6780.13,5123.32
205,喜尔美厨具站,CNY,2025-12-17,6780.13,5232.05
205,喜尔美厨具站,CNY,2025-12-16,6780.13,5650.2
205,喜尔美厨具站,CNY,2025-12-15,6780.13,5623.9
205,喜尔美厨具站,CNY,2025-12-14,6780.13,5394.22
205,喜尔美厨具站,CNY,2025-12-13,6780.13,5290.77
205,喜尔美厨具站,CNY,2025-12-12,6780.13,5330.38
205,喜尔美厨具站,CNY,2025-12-11,6780.13,5188.07
205,喜尔美厨具站,CNY,2025-12-10,6780.13,5035.15
205,喜尔美厨具站,CNY,2025-12-09,6780.13,4713.75
205,喜尔美厨具站,CNY,2025-12-08,6780.13,5571.44
205,喜尔美厨具站,CNY,2025-12-07,6780.13,5551.85
205,喜尔美厨具站,CNY,2025-12-06,6780.13,5481.62
205,喜尔美厨具站,CNY,2025-12-05,6780.13,5449.08
205,喜尔美厨具站,CNY,2025-12-04,6780.13,5526.7
205,喜尔美厨具站,CNY,2025-12-03,6780.13,5649.81
205,喜尔美厨具站,CNY,2025-12-02,6780.13,6032.46
205,喜尔美厨具站,CNY,2025-12-01,6780.13,4455.67
205,喜尔美厨具站,CNY,2025-11-30,6073.17,4499.69
205,喜尔美厨具站,CNY,2025-11-29,6073.17,4375.85
205,喜尔美厨具站,CNY,2025-11-28,6073.17,4545.33
205,喜尔美厨具站,CNY,2025-11-27,6073.17,4477.87
205,喜尔美厨具站,CNY,2025-11-26,6073.17,4575.79
205,喜尔美厨具站,CNY,2025-11-25,6073.17,4582.76
205,喜尔美厨具站,CNY,2025-11-24,6073.17,4812.42
205,喜尔美厨具站,CNY,2025-11-23,6073.17,4800.01
205,喜尔美厨具站,CNY,2025-11-22,6073.17,4718.71
205,喜尔美厨具站,CNY,2025-11-21,6073.17,4457.95
205,喜尔美厨具站,CNY,2025-11-20,6073.17,4461.08
205,喜尔美厨具站,CNY,2025-11-19,6073.17,4817.5
205,喜尔美厨具站,CNY,2025-11-18,6073.17,4701.82
205,喜尔美厨具站,CNY,2025-11-17,6073.17,4566.51
205,喜尔美厨具站,CNY,2025-11-16,6073.17,4475.35
205,喜尔美厨具站,CNY,2025-11-15,6073.17,4596.51
205,喜尔美厨具站,CNY,2025-11-14,6073.17,4610.84
205,喜尔美厨具站,CNY,2025-11-13,6073.17,3967.4
205,喜尔美厨具站,CNY,2025-11-12,6073.17,4308.32
205,喜尔美厨具站,CNY,2025-11-11,6073.17,4180.02
205,喜尔美厨具站,CNY,2025-11-10,6073.17,4576.27
205,喜尔美厨具站,CNY,2025-11-09,6073.17,4237.45
205,喜尔美厨具站,CNY,2025-11-08,6073.17,4720.41
205,喜尔美厨具站,CNY,2025-11-07,6073.17,4373.15
205,喜尔美厨具站,CNY,2025-11-06,6073.17,4171
205,喜尔美厨具站,CNY,2025-11-05,6073.17,4053.56
205,喜尔美厨具站,CNY,2025-11-04,6073.17,3987.26
205,喜尔美厨具站,CNY,2025-11-03,6073.17,3929.81
205,喜尔美厨具站,CNY,2025-11-02,6073.17,4262.76
205,喜尔美厨具站,CNY,2025-11-01,6073.17,4407.8
205,喜尔美厨具站,CNY,2025-10-31,5685.89,4330.4
205,喜尔美厨具站,CNY,2025-10-30,5685.89,3999.86
205,喜尔美厨具站,CNY,2025-10-29,5685.89,3991.36
205,喜尔美厨具站,CNY,2025-10-28,5685.89,3806.18
205,喜尔美厨具站,CNY,2025-10-27,5685.89,4227.96
205,喜尔美厨具站,CNY,2025-10-26,5685.89,4014.92
205,喜尔美厨具站,CNY,2025-10-25,5685.89,3889.03
205,喜尔美厨具站,CNY,2025-10-24,5685.89,3469.79
205,喜尔美厨具站,CNY,2025-10-23,5685.89,4210.1
205,喜尔美厨具站,CNY,2025-10-22,5685.89,4467.28
205,喜尔美厨具站,CNY,2025-10-21,5685.89,3689.59
205,喜尔美厨具站,CNY,2025-10-20,5685.89,4199.14
205,喜尔美厨具站,CNY,2025-10-19,5685.89,4133.83
205,喜尔美厨具站,CNY,2025-10-18,5685.89,3891.66
205,喜尔美厨具站,CNY,2025-10-17,5685.89,3733
205,喜尔美厨具站,CNY,2025-10-16,5685.89,3710.94
205,喜尔美厨具站,CNY,2025-10-15,5685.89,3917.65
205,喜尔美厨具站,CNY,2025-10-14,5685.89,3663.37
205,喜尔美厨具站,CNY,2025-10-13,5685.89,3684.18
205,喜尔美厨具站,CNY,2025-10-12,5685.89,4068.06
205,喜尔美厨具站,CNY,2025-10-11,5685.89,4044.66
205,喜尔美厨具站,CNY,2025-10-10,5685.89,3810.67
205,喜尔美厨具站,CNY,2025-10-09,5685.89,4144.84
205,喜尔美厨具站,CNY,2025-10-08,6167.74,4724.82
205,喜尔美厨具站,CNY,2025-10-07,6167.74,5858.34
205,喜尔美厨具站,CNY,2025-10-06,6167.74,-1405.78
205,喜尔美厨具站,CNY,2025-10-05,6167.74,4549.21
205,喜尔美厨具站,CNY,2025-10-04,6167.74,4449.17
205,喜尔美厨具站,CNY,2025-10-03,6167.74,4439.66
205,喜尔美厨具站,CNY,2025-10-02,6167.74,4333.84
205,喜尔美厨具站,CNY,2025-10-01,6167.74,3479.48
205,喜尔美厨具站,CNY,2025-09-30,5638.49,3920.83
205,喜尔美厨具站,CNY,2025-09-29,5644.49,4212.57
205,喜尔美厨具站,CNY,2025-09-28,5644.49,3930.16
205,喜尔美厨具站,CNY,2025-09-27,5644.49,3784.19
205,喜尔美厨具站,CNY,2025-09-26,5644.49,3810.26
205,喜尔美厨具站,CNY,2025-09-25,5644.49,3938.5
205,喜尔美厨具站,CNY,2025-09-24,5644.49,4002.52
205,喜尔美厨具站,CNY,2025-09-23,5644.49,4020.87
205,喜尔美厨具站,CNY,2025-09-22,5644.49,4035.38
205,喜尔美厨具站,CNY,2025-09-21,5644.49,3395.29
205,喜尔美厨具站,CNY,2025-09-20,5644.49,4180.64
205,喜尔美厨具站,CNY,2025-09-19,5644.49,4097.29
205,喜尔美厨具站,CNY,2025-09-18,5644.49,3666.1
205,喜尔美厨具站,CNY,2025-09-17,5644.49,2884.58
205,喜尔美厨具站,CNY,2025-09-16,5644.49,2787.08
205,喜尔美厨具站,CNY,2025-09-15,5644.49,3905.65
205,喜尔美厨具站,CNY,2025-09-14,5644.49,4134.86
205,喜尔美厨具站,CNY,2025-09-13,5644.49,3784.29
205,喜尔美厨具站,CNY,2025-09-12,5644.49,3980.12
205,喜尔美厨具站,CNY,2025-09-11,5644.49,4060.92
205,喜尔美厨具站,CNY,2025-09-10,5644.49,3825.07
205,喜尔美厨具站,CNY,2025-09-09,5644.49,4040.03
205,喜尔美厨具站,CNY,2025-09-08,5644.49,3774.26
205,喜尔美厨具站,CNY,2025-09-07,5644.49,3749.9
205,喜尔美厨具站,CNY,2025-09-06,5644.49,4014.68
205,喜尔美厨具站,CNY,2025-09-05,5644.49,4280.59
205,喜尔美厨具站,CNY,2025-09-04,5644.49,4168.17
205,喜尔美厨具站,CNY,2025-09-03,5644.49,4103.43
205,喜尔美厨具站,CNY,2025-09-02,5644.49,4094.27
205,喜尔美厨具站,CNY,2025-09-01,5644.49,4161.51
208,科宁达站,CNY,2026-01-13,671.93,655.69
208,科宁达站,CNY,2026-01-12,671.93,653.77
208,科宁达站,CNY,2026-01-11,671.93,658.68
208,科宁达站,CNY,2026-01-10,671.93,657.06
208,科宁达站,CNY,2026-01-09,671.93,655
208,科宁达站,CNY,2026-01-08,671.93,643.13
208,科宁达站,CNY,2026-01-07,671.93,657.72
208,科宁达站,CNY,2026-01-06,671.93,682.57
208,科宁达站,CNY,2026-01-05,671.93,659.79
208,科宁达站,CNY,2026-01-04,671.93,654.04
208,科宁达站,CNY,2026-01-03,671.93,654.28
208,科宁达站,CNY,2026-01-02,671.93,502.12
208,科宁达站,CNY,2026-01-01,671.93,371.33
208,科宁达站,CNY,2025-12-31,715.69,462.62
208,科宁达站,CNY,2025-12-30,715.69,697.53
208,科宁达站,CNY,2025-12-29,715.69,695.95
208,科宁达站,CNY,2025-12-28,715.69,700.67
208,科宁达站,CNY,2025-12-27,715.69,698.39
208,科宁达站,CNY,2025-12-26,715.69,698.22
208,科宁达站,CNY,2025-12-25,715.69,701.58
208,科宁达站,CNY,2025-12-24,715.69,698.79
208,科宁达站,CNY,2025-12-23,715.69,699.02
208,科宁达站,CNY,2025-12-22,715.69,677.16
208,科宁达站,CNY,2025-12-21,715.69,699.82
208,科宁达站,CNY,2025-12-20,715.69,697.15
208,科宁达站,CNY,2025-12-19,715.69,695.95
208,科宁达站,CNY,2025-12-18,715.69,698.74
208,科宁达站,CNY,2025-12-17,715.69,699.44
208,科宁达站,CNY,2025-12-16,715.69,696.52
208,科宁达站,CNY,2025-12-15,715.69,702.09
208,科宁达站,CNY,2025-12-14,715.69,700.24
208,科宁达站,CNY,2025-12-13,715.69,698.92
208,科宁达站,CNY,2025-12-12,715.69,699.95
208,科宁达站,CNY,2025-12-11,715.69,697.5
208,科宁达站,CNY,2025-12-10,715.69,695.09
208,科宁达站,CNY,2025-12-09,715.69,701.47
208,科宁达站,CNY,2025-12-08,715.69,696.64
208,科宁达站,CNY,2025-12-07,715.69,699.12
208,科宁达站,CNY,2025-12-06,715.69,696.64
208,科宁达站,CNY,2025-12-05,715.69,700.01
208,科宁达站,CNY,2025-12-04,715.69,699.19
208,科宁达站,CNY,2025-12-03,715.69,700.4
208,科宁达站,CNY,2025-12-02,715.69,696.23
208,科宁达站,CNY,2025-12-01,715.69,696.87
208,科宁达站,CNY,2025-11-30,630.75,578.47
208,科宁达站,CNY,2025-11-29,630.75,585.34
208,科宁达站,CNY,2025-11-28,630.75,584.95
208,科宁达站,CNY,2025-11-27,630.75,585.82
208,科宁达站,CNY,2025-11-26,630.75,584.74
208,科宁达站,CNY,2025-11-25,630.75,588.82
208,科宁达站,CNY,2025-11-24,630.75,581.97
208,科宁达站,CNY,2025-11-23,630.75,587.67
208,科宁达站,CNY,2025-11-22,630.75,582.46
208,科宁达站,CNY,2025-11-21,630.75,588.34
208,科宁达站,CNY,2025-11-20,630.75,582.39
208,科宁达站,CNY,2025-11-19,630.75,588.41
208,科宁达站,CNY,2025-11-18,630.75,588.34
208,科宁达站,CNY,2025-11-17,630.75,583.15
208,科宁达站,CNY,2025-11-16,630.75,586.54
208,科宁达站,CNY,2025-11-15,630.75,581.97
208,科宁达站,CNY,2025-11-14,630.75,586.28
208,科宁达站,CNY,2025-11-13,630.75,581.76
208,科宁达站,CNY,2025-11-12,630.75,586.47
208,科宁达站,CNY,2025-11-11,630.75,501.96
208,科宁达站,CNY,2025-11-10,630.75,584.07
208,科宁达站,CNY,2025-11-09,630.75,585.85
208,科宁达站,CNY,2025-11-08,630.75,581.16
208,科宁达站,CNY,2025-11-07,630.75,586.12
208,科宁达站,CNY,2025-11-06,630.75,581.58
208,科宁达站,CNY,2025-11-05,630.75,587.23
208,科宁达站,CNY,2025-11-04,630.75,582.48
208,科宁达站,CNY,2025-11-03,630.75,585.02
208,科宁达站,CNY,2025-11-02,630.75,586.26
208,科宁达站,CNY,2025-11-01,630.75,581.14
208,科宁达站,CNY,2025-10-31,590.52,548.29
208,科宁达站,CNY,2025-10-30,590.52,545.76
208,科宁达站,CNY,2025-10-29,590.52,547.88
208,科宁达站,CNY,2025-10-28,607.8,546
208,科宁达站,CNY,2025-10-27,607.8,547.43
208,科宁达站,CNY,2025-10-26,607.8,545.55
208,科宁达站,CNY,2025-10-25,607.8,547.94
208,科宁达站,CNY,2025-10-24,607.8,545.55
208,科宁达站,CNY,2025-10-23,607.8,548.07
208,科宁达站,CNY,2025-10-22,607.8,545.55
208,科宁达站,CNY,2025-10-21,607.8,548.94
208,科宁达站,CNY,2025-10-20,607.8,538.12
208,科宁达站,CNY,2025-10-19,607.8,547.51
208,科宁达站,CNY,2025-10-18,607.8,542.65
208,科宁达站,CNY,2025-10-17,607.8,543.69
208,科宁达站,CNY,2025-10-16,607.8,541.16
208,科宁达站,CNY,2025-10-15,607.8,542.2
208,科宁达站,CNY,2025-10-14,607.8,541.75
208,科宁达站,CNY,2025-10-13,607.8,540.47
208,科宁达站,CNY,2025-10-12,607.8,537.24
208,科宁达站,CNY,2025-10-11,607.8,538.47
208,科宁达站,CNY,2025-10-10,607.8,536.82
208,科宁达站,CNY,2025-10-09,607.8,538.96
208,科宁达站,CNY,2025-10-08,558.88,606.64
208,科宁达站,CNY,2025-10-07,558.88,601.87
208,科宁达站,CNY,2025-10-06,685.3,377.1
208,科宁达站,CNY,2025-10-05,685.3,460.58
208,科宁达站,CNY,2025-10-04,685.3,392.91
208,科宁达站,CNY,2025-10-03,685.3,416.92
208,科宁达站,CNY,2025-10-02,685.3,-6.54
208,科宁达站,CNY,2025-10-01,685.3,-149.71
208,科宁达站,CNY,2025-09-30,602.73,539.57
208,科宁达站,CNY,2025-09-29,604.26,533.01
208,科宁达站,CNY,2025-09-28,604.26,534.51
208,科宁达站,CNY,2025-09-27,604.26,531.36
208,科宁达站,CNY,2025-09-26,604.26,536.44
208,科宁达站,CNY,2025-09-25,604.26,532.18
208,科宁达站,CNY,2025-09-24,604.26,535.9
208,科宁达站,CNY,2025-09-23,604.26,533.66
208,科宁达站,CNY,2025-09-22,604.26,537.04
208,科宁达站,CNY,2025-09-21,604.26,536.59
208,科宁达站,CNY,2025-09-20,604.26,541.66
208,科宁达站,CNY,2025-09-19,604.26,536.03
208,科宁达站,CNY,2025-09-18,604.26,542.48
208,科宁达站,CNY,2025-09-17,604.26,534.4
208,科宁达站,CNY,2025-09-16,604.26,538.52
208,科宁达站,CNY,2025-09-15,604.26,540.61
208,科宁达站,CNY,2025-09-14,604.26,537.76
208,科宁达站,CNY,2025-09-13,604.26,543.95
208,科宁达站,CNY,2025-09-12,604.26,536.91
208,科宁达站,CNY,2025-09-11,604.26,542.75
208,科宁达站,CNY,2025-09-10,604.26,540.94
208,科宁达站,CNY,2025-09-09,604.26,542.54
208,科宁达站,CNY,2025-09-08,604.26,534.27
208,科宁达站,CNY,2025-09-07,604.26,541.17
208,科宁达站,CNY,2025-09-06,604.26,536.05
208,科宁达站,CNY,2025-09-05,604.26,540.94
208,科宁达站,CNY,2025-09-04,604.26,535.34
208,科宁达站,CNY,2025-09-03,604.26,539.89
208,科宁达站,CNY,2025-09-02,604.26,536.01
208,科宁达站,CNY,2025-09-01,604.26,539.56
212,隆源二厂储能电站,CNY,2026-01-13,2252.75,2384.31
212,隆源二厂储能电站,CNY,2026-01-12,2252.75,2359.27
212,隆源二厂储能电站,CNY,2026-01-11,2252.75,2258.05
212,隆源二厂储能电站,CNY,2026-01-10,2252.75,2365.54
212,隆源二厂储能电站,CNY,2026-01-09,2252.75,2360.58
212,隆源二厂储能电站,CNY,2026-01-08,2252.75,2295.66
212,隆源二厂储能电站,CNY,2026-01-07,2252.75,2368.81
212,隆源二厂储能电站,CNY,2026-01-06,2252.75,2379.78
212,隆源二厂储能电站,CNY,2026-01-05,2252.75,2267.53
212,隆源二厂储能电站,CNY,2026-01-04,2252.75,2358.63
212,隆源二厂储能电站,CNY,2026-01-03,2252.75,2383.52
212,隆源二厂储能电站,CNY,2026-01-02,2252.75,2389.85
212,隆源二厂储能电站,CNY,2026-01-01,2252.75,1331.15
212,隆源二厂储能电站,CNY,2025-12-31,2399.47,2534.71
212,隆源二厂储能电站,CNY,2025-12-30,2399.47,2435.69
212,隆源二厂储能电站,CNY,2025-12-29,2399.47,2528.57
212,隆源二厂储能电站,CNY,2025-12-28,2399.47,2553.12
212,隆源二厂储能电站,CNY,2025-12-27,2399.47,2533.95
212,隆源二厂储能电站,CNY,2025-12-26,2399.47,2524.52
212,隆源二厂储能电站,CNY,2025-12-25,2399.47,2525.3
212,隆源二厂储能电站,CNY,2025-12-24,2399.47,2383.01
212,隆源二厂储能电站,CNY,2025-12-23,2399.47,2521.65
212,隆源二厂储能电站,CNY,2025-12-22,2399.47,2511.05
212,隆源二厂储能电站,CNY,2025-12-21,2399.47,2557.2
212,隆源二厂储能电站,CNY,2025-12-20,2399.47,2522.81
212,隆源二厂储能电站,CNY,2025-12-19,2399.47,2523.62
212,隆源二厂储能电站,CNY,2025-12-18,2399.47,2554.49
212,隆源二厂储能电站,CNY,2025-12-17,2399.47,2558.45
212,隆源二厂储能电站,CNY,2025-12-16,2399.47,2539.16
212,隆源二厂储能电站,CNY,2025-12-15,2399.47,2904.55
212,隆源二厂储能电站,CNY,2025-12-14,2399.47,2063.57
212,隆源二厂储能电站,CNY,2025-12-13,2399.47,2360.06
212,隆源二厂储能电站,CNY,2025-12-12,2399.47,2487.8
212,隆源二厂储能电站,CNY,2025-12-11,2399.47,2550.43
212,隆源二厂储能电站,CNY,2025-12-10,2399.47,2512.92
212,隆源二厂储能电站,CNY,2025-12-09,2399.47,2537.95
212,隆源二厂储能电站,CNY,2025-12-08,2399.47,2525.51
212,隆源二厂储能电站,CNY,2025-12-07,2399.47,2146.81
212,隆源二厂储能电站,CNY,2025-12-06,2399.47,2537.68
212,隆源二厂储能电站,CNY,2025-12-05,2399.47,2505.58
212,隆源二厂储能电站,CNY,2025-12-04,2399.47,2558.78
212,隆源二厂储能电站,CNY,2025-12-03,2399.47,2473.79
212,隆源二厂储能电站,CNY,2025-12-02,2399.47,2456.42
212,隆源二厂储能电站,CNY,2025-12-01,2399.47,2540.26
212,隆源二厂储能电站,CNY,2025-11-30,1953.36,2041.99
212,隆源二厂储能电站,CNY,2025-11-29,1953.36,2092.46
212,隆源二厂储能电站,CNY,2025-11-28,1953.36,2107.7
212,隆源二厂储能电站,CNY,2025-11-27,1953.36,2097.6
212,隆源二厂储能电站,CNY,2025-11-26,1953.36,2108.35
212,隆源二厂储能电站,CNY,2025-11-25,1953.36,2117.07
212,隆源二厂储能电站,CNY,2025-11-24,2022.37,2038.13
212,隆源二厂储能电站,CNY,2025-11-23,1953.36,2115.74
212,隆源二厂储能电站,CNY,2025-11-22,1953.36,2110.3
212,隆源二厂储能电站,CNY,2025-11-21,1953.36,2136.31
212,隆源二厂储能电站,CNY,2025-11-20,1953.36,2111.74
212,隆源二厂储能电站,CNY,2025-11-19,1953.36,2093.28
212,隆源二厂储能电站,CNY,2025-11-18,1953.36,1793.98
212,隆源二厂储能电站,CNY,2025-11-17,1953.36,1937.51
212,隆源二厂储能电站,CNY,2025-11-16,1953.36,1845.49
212,隆源二厂储能电站,CNY,2025-11-15,1953.36,2094.51
212,隆源二厂储能电站,CNY,2025-11-14,1953.36,1661.98
212,隆源二厂储能电站,CNY,2025-11-13,1953.36,2097.33
212,隆源二厂储能电站,CNY,2025-11-12,1953.36,1969.23
212,隆源二厂储能电站,CNY,2025-11-11,1953.36,2091.63
212,隆源二厂储能电站,CNY,2025-11-10,1953.36,1569.13
212,隆源二厂储能电站,CNY,2025-11-09,1953.36,2094.29
212,隆源二厂储能电站,CNY,2025-11-08,1953.36,2093.18
212,隆源二厂储能电站,CNY,2025-11-07,1953.36,2508.27
212,隆源二厂储能电站,CNY,2025-11-06,1953.36,1890.31
212,隆源二厂储能电站,CNY,2025-11-05,1953.36,2356.41
212,隆源二厂储能电站,CNY,2025-11-04,1953.36,1962.13
212,隆源二厂储能电站,CNY,2025-11-03,1953.36,2094.11
212,隆源二厂储能电站,CNY,2025-11-02,1953.36,2008.12
212,隆源二厂储能电站,CNY,2025-11-01,1953.36,2084.72
212,隆源二厂储能电站,CNY,2025-10-31,1828.77,1941.97
212,隆源二厂储能电站,CNY,2025-10-30,1828.77,1797.53
212,隆源二厂储能电站,CNY,2025-10-29,1828.77,1912.52
212,隆源二厂储能电站,CNY,2025-10-28,1828.77,1941.1
212,隆源二厂储能电站,CNY,2025-10-27,1828.77,1918.74
212,隆源二厂储能电站,CNY,2025-10-26,1828.77,1968.97
212,隆源二厂储能电站,CNY,2025-10-25,1828.77,1913.51
212,隆源二厂储能电站,CNY,2025-10-24,1828.77,1831.4
212,隆源二厂储能电站,CNY,2025-10-23,1828.77,1883.18
212,隆源二厂储能电站,CNY,2025-10-22,1828.77,1782.93
212,隆源二厂储能电站,CNY,2025-10-21,1828.77,1851.83
212,隆源二厂储能电站,CNY,2025-10-20,1828.77,1760.28
212,隆源二厂储能电站,CNY,2025-10-19,1828.77,1955.94
212,隆源二厂储能电站,CNY,2025-10-18,1828.77,1647.55
212,隆源二厂储能电站,CNY,2025-10-17,1828.77,1897.46
212,隆源二厂储能电站,CNY,2025-10-16,1828.77,1932.47
212,隆源二厂储能电站,CNY,2025-10-15,1828.77,1904.47
212,隆源二厂储能电站,CNY,2025-10-14,1828.77,1794.92
212,隆源二厂储能电站,CNY,2025-10-13,1828.77,1945.95
212,隆源二厂储能电站,CNY,2025-10-12,1828.77,1918.87
212,隆源二厂储能电站,CNY,2025-10-11,1828.77,1937.04
212,隆源二厂储能电站,CNY,2025-10-10,1828.77,1931.27
212,隆源二厂储能电站,CNY,2025-10-09,1828.77,1950.92
212,隆源二厂储能电站,CNY,2025-10-08,1956.09,2115.28
212,隆源二厂储能电站,CNY,2025-10-07,1956.09,2115.22
212,隆源二厂储能电站,CNY,2025-10-06,2398.57,2138.56
212,隆源二厂储能电站,CNY,2025-10-05,2398.57,2122.73
212,隆源二厂储能电站,CNY,2025-10-04,2398.57,2383.1
212,隆源二厂储能电站,CNY,2025-10-03,2398.57,665.22
212,隆源二厂储能电站,CNY,2025-10-02,2398.57,-10.53
212,隆源二厂储能电站,CNY,2025-10-01,2398.57,-509.46
212,隆源二厂储能电站,CNY,2025-09-30,1967.7,1835.35
212,隆源二厂储能电站,CNY,2025-09-29,1850.3,1893.12
212,隆源二厂储能电站,CNY,2025-09-28,1850.3,1917.82
212,隆源二厂储能电站,CNY,2025-09-27,1850.3,1984.22
212,隆源二厂储能电站,CNY,2025-09-26,1850.3,2102.57
212,隆源二厂储能电站,CNY,2025-09-25,1850.3,1891.24
212,隆源二厂储能电站,CNY,2025-09-24,1850.3,1550.07
212,隆源二厂储能电站,CNY,2025-09-23,1850.3,1890.6
212,隆源二厂储能电站,CNY,2025-09-22,1850.3,1912.03
212,隆源二厂储能电站,CNY,2025-09-21,1850.3,1999.34
212,隆源二厂储能电站,CNY,2025-09-20,1850.3,562.44
212,隆源二厂储能电站,CNY,2025-09-19,1850.3,1836.38
212,隆源二厂储能电站,CNY,2025-09-18,1850.3,1705.03
212,隆源二厂储能电站,CNY,2025-09-17,1850.3,1923.44
212,隆源二厂储能电站,CNY,2025-09-16,1850.3,2115.99
212,隆源二厂储能电站,CNY,2025-09-15,1850.3,1896.9
212,隆源二厂储能电站,CNY,2025-09-14,1850.3,1750.88
212,隆源二厂储能电站,CNY,2025-09-13,1850.3,1844.58
212,隆源二厂储能电站,CNY,2025-09-12,1850.3,2213.88
212,隆源二厂储能电站,CNY,2025-09-11,1850.3,2064.09
212,隆源二厂储能电站,CNY,2025-09-10,1850.3,1939.57
212,隆源二厂储能电站,CNY,2025-09-09,1850.3,1843.03
212,隆源二厂储能电站,CNY,2025-09-08,1850.3,1952.19
212,隆源二厂储能电站,CNY,2025-09-07,1850.3,2035.52
212,隆源二厂储能电站,CNY,2025-09-06,1850.3,2213.59
212,隆源二厂储能电站,CNY,2025-09-05,1850.3,1881.97
212,隆源二厂储能电站,CNY,2025-09-04,1850.3,1870.59
212,隆源二厂储能电站,CNY,2025-09-03,1850.3,1803.99
212,隆源二厂储能电站,CNY,2025-09-02,1850.3,2028.67
212,隆源二厂储能电站,CNY,2025-09-01,1850.3,-109.23
218,宁波依森200KW/430KWh用户侧储能电站,CNY,2026-01-13,634.52,656.75
218,宁波依森200KW/430KWh用户侧储能电站,CNY,2026-01-12,634.52,690.87
218,宁波依森200KW/430KWh用户侧储能电站,CNY,2026-01-11,634.52,326.55
218,宁波依森200KW/430KWh用户侧储能电站,CNY,2026-01-10,634.52,644.46
218,宁波依森200KW/430KWh用户侧储能电站,CNY,2026-01-09,634.52,666.23
218,宁波依森200KW/430KWh用户侧储能电站,CNY,2026-01-08,634.52,671.59
218,宁波依森200KW/430KWh用户侧储能电站,CNY,2026-01-07,634.52,670.69
218,宁波依森200KW/430KWh用户侧储能电站,CNY,2026-01-06,634.52,673.07
218,宁波依森200KW/430KWh用户侧储能电站,CNY,2026-01-05,634.52,668.95
218,宁波依森200KW/430KWh用户侧储能电站,CNY,2026-01-04,634.52,668.87
218,宁波依森200KW/430KWh用户侧储能电站,CNY,2026-01-03,634.52,776.96
218,宁波依森200KW/430KWh用户侧储能电站,CNY,2026-01-02,634.52,-17.88
218,宁波依森200KW/430KWh用户侧储能电站,CNY,2026-01-01,634.52,-124.59
218,宁波依森200KW/430KWh用户侧储能电站,CNY,2025-12-31,675.85,716.14
218,宁波依森200KW/430KWh用户侧储能电站,CNY,2025-12-30,675.85,715.86
218,宁波依森200KW/430KWh用户侧储能电站,CNY,2025-12-29,675.85,710.74
218,宁波依森200KW/430KWh用户侧储能电站,CNY,2025-12-28,675.85,713.66
218,宁波依森200KW/430KWh用户侧储能电站,CNY,2025-12-27,675.85,669.31
218,宁波依森200KW/430KWh用户侧储能电站,CNY,2025-12-26,675.85,713.91
218,宁波依森200KW/430KWh用户侧储能电站,CNY,2025-12-25,675.85,708.94
218,宁波依森200KW/430KWh用户侧储能电站,CNY,2025-12-24,675.85,705.39
218,宁波依森200KW/430KWh用户侧储能电站,CNY,2025-12-23,675.85,715.71
218,宁波依森200KW/430KWh用户侧储能电站,CNY,2025-12-22,675.85,671.38
218,宁波依森200KW/430KWh用户侧储能电站,CNY,2025-12-21,675.85,624.7
218,宁波依森200KW/430KWh用户侧储能电站,CNY,2025-12-20,675.85,671.66
218,宁波依森200KW/430KWh用户侧储能电站,CNY,2025-12-19,675.85,701.03
218,宁波依森200KW/430KWh用户侧储能电站,CNY,2025-12-18,675.85,694.97
218,宁波依森200KW/430KWh用户侧储能电站,CNY,2025-12-17,675.85,713.54
218,宁波依森200KW/430KWh用户侧储能电站,CNY,2025-12-16,675.85,710.88
218,宁波依森200KW/430KWh用户侧储能电站,CNY,2025-12-15,675.85,662.57
218,宁波依森200KW/430KWh用户侧储能电站,CNY,2025-12-14,675.85,638.61
218,宁波依森200KW/430KWh用户侧储能电站,CNY,2025-12-13,675.85,693.4
218,宁波依森200KW/430KWh用户侧储能电站,CNY,2025-12-12,675.85,717.62
218,宁波依森200KW/430KWh用户侧储能电站,CNY,2025-12-11,675.85,714.6
218,宁波依森200KW/430KWh用户侧储能电站,CNY,2025-12-10,675.85,712.67
218,宁波依森200KW/430KWh用户侧储能电站,CNY,2025-12-09,675.85,718.49
218,宁波依森200KW/430KWh用户侧储能电站,CNY,2025-12-08,675.85,800.25
218,宁波依森200KW/430KWh用户侧储能电站,CNY,2025-12-07,675.85,33.51
218,宁波依森200KW/430KWh用户侧储能电站,CNY,2025-12-06,675.85,699.6
218,宁波依森200KW/430KWh用户侧储能电站,CNY,2025-12-05,675.85,716.57
218,宁波依森200KW/430KWh用户侧储能电站,CNY,2025-12-04,675.85,651.83
218,宁波依森200KW/430KWh用户侧储能电站,CNY,2025-12-03,675.85,716.33
218,宁波依森200KW/430KWh用户侧储能电站,CNY,2025-12-02,675.85,726.92
218,宁波依森200KW/430KWh用户侧储能电站,CNY,2025-12-01,675.85,829.38
218,宁波依森200KW/430KWh用户侧储能电站,CNY,2025-11-30,654.96,-152.59
218,宁波依森200KW/430KWh用户侧储能电站,CNY,2025-11-29,654.96,565.52
218,宁波依森200KW/430KWh用户侧储能电站,CNY,2025-11-28,654.96,587.19
218,宁波依森200KW/430KWh用户侧储能电站,CNY,2025-11-27,654.96,590.84
218,宁波依森200KW/430KWh用户侧储能电站,CNY,2025-11-26,654.96,596.96
218,宁波依森200KW/430KWh用户侧储能电站,CNY,2025-11-25,654.96,550.32
218,宁波依森200KW/430KWh用户侧储能电站,CNY,2025-11-24,654.96,729.98
218,宁波依森200KW/430KWh用户侧储能电站,CNY,2025-11-23,654.96,-133.83
218,宁波依森200KW/430KWh用户侧储能电站,CNY,2025-11-22,654.96,592.26
218,宁波依森200KW/430KWh用户侧储能电站,CNY,2025-11-21,654.96,590.76
218,宁波依森200KW/430KWh用户侧储能电站,CNY,2025-11-20,654.96,591.01
218,宁波依森200KW/430KWh用户侧储能电站,CNY,2025-11-19,654.96,595.3
218,宁波依森200KW/430KWh用户侧储能电站,CNY,2025-11-18,654.96,580.68
218,宁波依森200KW/430KWh用户侧储能电站,CNY,2025-11-17,654.96,730.68
218,宁波依森200KW/430KWh用户侧储能电站,CNY,2025-11-16,654.96,-151.25
218,宁波依森200KW/430KWh用户侧储能电站,CNY,2025-11-15,654.96,583.92
218,宁波依森200KW/430KWh用户侧储能电站,CNY,2025-11-14,654.96,582.31
218,宁波依森200KW/430KWh用户侧储能电站,CNY,2025-11-13,654.96,570.98
218,宁波依森200KW/430KWh用户侧储能电站,CNY,2025-11-12,654.96,592.78
218,宁波依森200KW/430KWh用户侧储能电站,CNY,2025-11-11,654.96,589.19
218,宁波依森200KW/430KWh用户侧储能电站,CNY,2025-11-10,654.96,745.07
218,宁波依森200KW/430KWh用户侧储能电站,CNY,2025-11-09,654.96,-153.67
218,宁波依森200KW/430KWh用户侧储能电站,CNY,2025-11-08,654.96,597.12
218,宁波依森200KW/430KWh用户侧储能电站,CNY,2025-11-07,654.96,583.96
218,宁波依森200KW/430KWh用户侧储能电站,CNY,2025-11-06,654.96,589.71
218,宁波依森200KW/430KWh用户侧储能电站,CNY,2025-11-05,654.96,597.24
218,宁波依森200KW/430KWh用户侧储能电站,CNY,2025-11-04,654.96,589.7
218,宁波依森200KW/430KWh用户侧储能电站,CNY,2025-11-03,654.96,741.27
218,宁波依森200KW/430KWh用户侧储能电站,CNY,2025-11-02,654.96,-150.79
218,宁波依森200KW/430KWh用户侧储能电站,CNY,2025-11-01,654.96,589.4
218,宁波依森200KW/430KWh用户侧储能电站,CNY,2025-10-31,613.2,558.41
218,宁波依森200KW/430KWh用户侧储能电站,CNY,2025-10-30,613.2,555.11
218,宁波依森200KW/430KWh用户侧储能电站,CNY,2025-10-29,613.2,459.17
218,宁波依森200KW/430KWh用户侧储能电站,CNY,2025-10-28,613.2,551.98
218,宁波依森200KW/430KWh用户侧储能电站,CNY,2025-10-27,613.2,696.99
218,宁波依森200KW/430KWh用户侧储能电站,CNY,2025-10-26,613.2,-142.9
218,宁波依森200KW/430KWh用户侧储能电站,CNY,2025-10-25,613.2,555.39
218,宁波依森200KW/430KWh用户侧储能电站,CNY,2025-10-24,613.2,555.37
218,宁波依森200KW/430KWh用户侧储能电站,CNY,2025-10-23,613.2,550.86
218,宁波依森200KW/430KWh用户侧储能电站,CNY,2025-10-22,613.2,556.91
218,宁波依森200KW/430KWh用户侧储能电站,CNY,2025-10-21,613.2,553.83
218,宁波依森200KW/430KWh用户侧储能电站,CNY,2025-10-20,613.2,693.94
218,宁波依森200KW/430KWh用户侧储能电站,CNY,2025-10-19,613.2,-144.27
218,宁波依森200KW/430KWh用户侧储能电站,CNY,2025-10-18,613.2,520.9
218,宁波依森200KW/430KWh用户侧储能电站,CNY,2025-10-17,613.2,546.43
218,宁波依森200KW/430KWh用户侧储能电站,CNY,2025-10-16,613.2,562.1
218,宁波依森200KW/430KWh用户侧储能电站,CNY,2025-10-15,613.2,540.74
218,宁波依森200KW/430KWh用户侧储能电站,CNY,2025-10-14,613.2,525.29
218,宁波依森200KW/430KWh用户侧储能电站,CNY,2025-10-13,613.2,671.07
218,宁波依森200KW/430KWh用户侧储能电站,CNY,2025-10-12,613.2,-103.83
218,宁波依森200KW/430KWh用户侧储能电站,CNY,2025-10-11,613.2,546.51
218,宁波依森200KW/430KWh用户侧储能电站,CNY,2025-10-10,613.2,548.18
218,宁波依森200KW/430KWh用户侧储能电站,CNY,2025-10-09,613.2,548.35
218,宁波依森200KW/430KWh用户侧储能电站,CNY,2025-10-08,671.7,1073.84
218,宁波依森200KW/430KWh用户侧储能电站,CNY,2025-10-07,671.7,811.88
218,宁波依森200KW/430KWh用户侧储能电站,CNY,2025-10-06,671.7,-1.85
218,宁波依森200KW/430KWh用户侧储能电站,CNY,2025-10-05,671.7,-1.75
218,宁波依森200KW/430KWh用户侧储能电站,CNY,2025-10-04,671.7,-1.36
218,宁波依森200KW/430KWh用户侧储能电站,CNY,2025-10-03,671.7,-1.69
218,宁波依森200KW/430KWh用户侧储能电站,CNY,2025-10-02,671.7,-3.24
218,宁波依森200KW/430KWh用户侧储能电站,CNY,2025-10-01,671.7,-92.55
218,宁波依森200KW/430KWh用户侧储能电站,CNY,2025-09-30,608.08,542.61
218,宁波依森200KW/430KWh用户侧储能电站,CNY,2025-09-29,609.42,533.36
218,宁波依森200KW/430KWh用户侧储能电站,CNY,2025-09-28,609.42,528.14
218,宁波依森200KW/430KWh用户侧储能电站,CNY,2025-09-27,609.42,526.32
218,宁波依森200KW/430KWh用户侧储能电站,CNY,2025-09-26,609.42,717.37
218,宁波依森200KW/430KWh用户侧储能电站,CNY,2025-09-25,609.42,540.53
218,宁波依森200KW/430KWh用户侧储能电站,CNY,2025-09-24,609.42,543.15
218,宁波依森200KW/430KWh用户侧储能电站,CNY,2025-09-23,609.42,496.61
218,宁波依森200KW/430KWh用户侧储能电站,CNY,2025-09-22,609.42,668.77
218,宁波依森200KW/430KWh用户侧储能电站,CNY,2025-09-21,609.42,-140.97
218,宁波依森200KW/430KWh用户侧储能电站,CNY,2025-09-20,609.42,556.25
218,宁波依森200KW/430KWh用户侧储能电站,CNY,2025-09-19,609.42,457.39
218,宁波依森200KW/430KWh用户侧储能电站,CNY,2025-09-18,609.42,554.37
218,宁波依森200KW/430KWh用户侧储能电站,CNY,2025-09-17,609.42,555.68
218,宁波依森200KW/430KWh用户侧储能电站,CNY,2025-09-16,609.42,550.35
218,宁波依森200KW/430KWh用户侧储能电站,CNY,2025-09-15,609.42,622.15
218,宁波依森200KW/430KWh用户侧储能电站,CNY,2025-09-14,609.42,49.51
218,宁波依森200KW/430KWh用户侧储能电站,CNY,2025-09-13,609.42,554.29
218,宁波依森200KW/430KWh用户侧储能电站,CNY,2025-09-12,609.42,553.32
218,宁波依森200KW/430KWh用户侧储能电站,CNY,2025-09-11,609.42,552.81
218,宁波依森200KW/430KWh用户侧储能电站,CNY,2025-09-10,609.42,552.36
218,宁波依森200KW/430KWh用户侧储能电站,CNY,2025-09-09,609.42,552.84
218,宁波依森200KW/430KWh用户侧储能电站,CNY,2025-09-08,609.42,642.04
218,宁波依森200KW/430KWh用户侧储能电站,CNY,2025-09-07,609.42,-100.08
218,宁波依森200KW/430KWh用户侧储能电站,CNY,2025-09-06,609.42,534.93
218,宁波依森200KW/430KWh用户侧储能电站,CNY,2025-09-05,609.42,551.18
218,宁波依森200KW/430KWh用户侧储能电站,CNY,2025-09-04,609.42,544.81
218,宁波依森200KW/430KWh用户侧储能电站,CNY,2025-09-03,609.42,559.02
218,宁波依森200KW/430KWh用户侧储能电站,CNY,2025-09-02,609.42,554.26
218,宁波依森200KW/430KWh用户侧储能电站,CNY,2025-09-01,609.42,677.34
223,台州梦龙家居站（200KW/430KWh）,CNY,2026-01-13,634.52,621.61
223,台州梦龙家居站（200KW/430KWh）,CNY,2026-01-12,634.52,640.56
223,台州梦龙家居站（200KW/430KWh）,CNY,2026-01-11,634.52,607.98
223,台州梦龙家居站（200KW/430KWh）,CNY,2026-01-10,634.52,610.9
223,台州梦龙家居站（200KW/430KWh）,CNY,2026-01-09,634.52,609.74
223,台州梦龙家居站（200KW/430KWh）,CNY,2026-01-08,634.52,625.59
223,台州梦龙家居站（200KW/430KWh）,CNY,2026-01-07,634.52,586.26
223,台州梦龙家居站（200KW/430KWh）,CNY,2026-01-06,634.52,596.48
223,台州梦龙家居站（200KW/430KWh）,CNY,2026-01-05,634.52,466.08
223,台州梦龙家居站（200KW/430KWh）,CNY,2026-01-04,634.52,599.48
223,台州梦龙家居站（200KW/430KWh）,CNY,2026-01-03,634.52,599.22
223,台州梦龙家居站（200KW/430KWh）,CNY,2026-01-02,634.52,693.68
223,台州梦龙家居站（200KW/430KWh）,CNY,2026-01-01,634.52,178.57
223,台州梦龙家居站（200KW/430KWh）,CNY,2025-12-31,675.85,0.01
223,台州梦龙家居站（200KW/430KWh）,CNY,2025-12-30,675.85,639.66
223,台州梦龙家居站（200KW/430KWh）,CNY,2025-12-29,675.85,657.92
223,台州梦龙家居站（200KW/430KWh）,CNY,2025-12-28,675.85,658.54
223,台州梦龙家居站（200KW/430KWh）,CNY,2025-12-27,675.85,657.01
223,台州梦龙家居站（200KW/430KWh）,CNY,2025-12-26,675.85,684.18
223,台州梦龙家居站（200KW/430KWh）,CNY,2025-12-25,675.85,672.6
223,台州梦龙家居站（200KW/430KWh）,CNY,2025-12-24,675.85,622.86
223,台州梦龙家居站（200KW/430KWh）,CNY,2025-12-23,675.85,661.38
223,台州梦龙家居站（200KW/430KWh）,CNY,2025-12-22,675.85,691.52
223,台州梦龙家居站（200KW/430KWh）,CNY,2025-12-21,675.85,391.17
223,台州梦龙家居站（200KW/430KWh）,CNY,2025-12-20,675.85,673.89
223,台州梦龙家居站（200KW/430KWh）,CNY,2025-12-19,675.85,653.62
223,台州梦龙家居站（200KW/430KWh）,CNY,2025-12-18,675.85,656.13
223,台州梦龙家居站（200KW/430KWh）,CNY,2025-12-17,675.85,658.35
223,台州梦龙家居站（200KW/430KWh）,CNY,2025-12-16,675.85,685.91
223,台州梦龙家居站（200KW/430KWh）,CNY,2025-12-15,675.85,669.37
223,台州梦龙家居站（200KW/430KWh）,CNY,2025-12-14,675.85,651.06
223,台州梦龙家居站（200KW/430KWh）,CNY,2025-12-13,675.85,542.04
223,台州梦龙家居站（200KW/430KWh）,CNY,2025-12-12,675.85,604.74
223,台州梦龙家居站（200KW/430KWh）,CNY,2025-12-11,675.85,661.42
223,台州梦龙家居站（200KW/430KWh）,CNY,2025-12-10,675.85,591.49
223,台州梦龙家居站（200KW/430KWh）,CNY,2025-12-09,675.85,640.39
223,台州梦龙家居站（200KW/430KWh）,CNY,2025-12-08,675.85,671.18
223,台州梦龙家居站（200KW/430KWh）,CNY,2025-12-07,675.85,668.95
223,台州梦龙家居站（200KW/430KWh）,CNY,2025-12-06,675.85,611.56
223,台州梦龙家居站（200KW/430KWh）,CNY,2025-12-05,675.85,684.71
223,台州梦龙家居站（200KW/430KWh）,CNY,2025-12-04,675.85,634.28
223,台州梦龙家居站（200KW/430KWh）,CNY,2025-12-03,675.85,653.1
223,台州梦龙家居站（200KW/430KWh）,CNY,2025-12-02,675.85,641.14
223,台州梦龙家居站（200KW/430KWh）,CNY,2025-12-01,675.85,642.22
223,台州梦龙家居站（200KW/430KWh）,CNY,2025-11-30,931.71,590.56
223,台州梦龙家居站（200KW/430KWh）,CNY,2025-11-29,931.71,590.87
223,台州梦龙家居站（200KW/430KWh）,CNY,2025-11-28,931.71,583.23
223,台州梦龙家居站（200KW/430KWh）,CNY,2025-11-27,931.71,595.35
223,台州梦龙家居站（200KW/430KWh）,CNY,2025-11-26,931.71,579.9
223,台州梦龙家居站（200KW/430KWh）,CNY,2025-11-25,931.71,590.3
223,台州梦龙家居站（200KW/430KWh）,CNY,2025-11-24,931.71,589.96
223,台州梦龙家居站（200KW/430KWh）,CNY,2025-11-23,931.71,584.85
223,台州梦龙家居站（200KW/430KWh）,CNY,2025-11-22,931.71,583.72
223,台州梦龙家居站（200KW/430KWh）,CNY,2025-11-21,931.71,581.34
223,台州梦龙家居站（200KW/430KWh）,CNY,2025-11-20,931.71,584.79
223,台州梦龙家居站（200KW/430KWh）,CNY,2025-11-19,931.71,566.74
223,台州梦龙家居站（200KW/430KWh）,CNY,2025-11-18,931.71,710.77
223,台州梦龙家居站（200KW/430KWh）,CNY,2025-11-17,931.71,22.02
223,台州梦龙家居站（200KW/430KWh）,CNY,2025-11-16,931.71,0
223,台州梦龙家居站（200KW/430KWh）,CNY,2025-11-15,931.71,0
223,台州梦龙家居站（200KW/430KWh）,CNY,2025-11-14,931.71,0
223,台州梦龙家居站（200KW/430KWh）,CNY,2025-11-13,931.71,0
223,台州梦龙家居站（200KW/430KWh）,CNY,2025-11-12,931.71,0
223,台州梦龙家居站（200KW/430KWh）,CNY,2025-11-11,931.71,0
223,台州梦龙家居站（200KW/430KWh）,CNY,2025-11-10,931.71,0
223,台州梦龙家居站（200KW/430KWh）,CNY,2025-11-09,931.71,0
223,台州梦龙家居站（200KW/430KWh）,CNY,2025-11-08,931.71,0
223,台州梦龙家居站（200KW/430KWh）,CNY,2025-11-07,931.71,0
223,台州梦龙家居站（200KW/430KWh）,CNY,2025-11-06,931.71,0
223,台州梦龙家居站（200KW/430KWh）,CNY,2025-11-05,931.71,0
223,台州梦龙家居站（200KW/430KWh）,CNY,2025-11-04,931.71,0
223,台州梦龙家居站（200KW/430KWh）,CNY,2025-11-03,931.71,0
223,台州梦龙家居站（200KW/430KWh）,CNY,2025-11-02,931.71,0
223,台州梦龙家居站（200KW/430KWh）,CNY,2025-11-01,931.71,0
223,台州梦龙家居站（200KW/430KWh）,CNY,2025-10-31,872.29,0
223,台州梦龙家居站（200KW/430KWh）,CNY,2025-10-30,872.29,0
223,台州梦龙家居站（200KW/430KWh）,CNY,2025-10-29,872.29,0
223,台州梦龙家居站（200KW/430KWh）,CNY,2025-10-28,872.29,0
223,台州梦龙家居站（200KW/430KWh）,CNY,2025-10-27,872.29,0
223,台州梦龙家居站（200KW/430KWh）,CNY,2025-10-26,872.29,0
223,台州梦龙家居站（200KW/430KWh）,CNY,2025-10-25,872.29,0
223,台州梦龙家居站（200KW/430KWh）,CNY,2025-10-24,872.29,0
223,台州梦龙家居站（200KW/430KWh）,CNY,2025-10-23,872.29,0
223,台州梦龙家居站（200KW/430KWh）,CNY,2025-10-22,872.29,0
223,台州梦龙家居站（200KW/430KWh）,CNY,2025-10-21,872.29,-134.87
223,台州梦龙家居站（200KW/430KWh）,CNY,2025-10-20,872.29,539.88
223,台州梦龙家居站（200KW/430KWh）,CNY,2025-10-19,872.29,536.6
223,台州梦龙家居站（200KW/430KWh）,CNY,2025-10-18,872.29,737.14
223,台州梦龙家居站（200KW/430KWh）,CNY,2025-10-17,872.29,549.07
223,台州梦龙家居站（200KW/430KWh）,CNY,2025-10-16,872.29,539.84
223,台州梦龙家居站（200KW/430KWh）,CNY,2025-10-15,872.29,782.49
223,台州梦龙家居站（200KW/430KWh）,CNY,2025-10-14,872.29,547.68
223,台州梦龙家居站（200KW/430KWh）,CNY,2025-10-13,872.29,914.76
223,台州梦龙家居站（200KW/430KWh）,CNY,2025-10-12,872.29,101.42
223,台州梦龙家居站（200KW/430KWh）,CNY,2025-10-11,872.29,148.02
223,台州梦龙家居站（200KW/430KWh）,CNY,2025-10-10,872.29,375.85
223,台州梦龙家居站（200KW/430KWh）,CNY,2025-10-09,872.29,381.17
223,台州梦龙家居站（200KW/430KWh）,CNY,2025-10-08,671.7,455.94
223,台州梦龙家居站（200KW/430KWh）,CNY,2025-10-07,671.7,529.63
223,台州梦龙家居站（200KW/430KWh）,CNY,2025-10-06,671.7,67.61
223,台州梦龙家居站（200KW/430KWh）,CNY,2025-10-05,671.7,24.7
223,台州梦龙家居站（200KW/430KWh）,CNY,2025-10-04,671.7,30.31
223,台州梦龙家居站（200KW/430KWh）,CNY,2025-10-03,671.7,0.04
223,台州梦龙家居站（200KW/430KWh）,CNY,2025-10-02,671.7,57.47
223,台州梦龙家居站（200KW/430KWh）,CNY,2025-10-01,671.7,-104.1
223,台州梦龙家居站（200KW/430KWh）,CNY,2025-09-30,865.02,55.81
223,台州梦龙家居站（200KW/430KWh）,CNY,2025-09-29,834.53,492.25
223,台州梦龙家居站（200KW/430KWh）,CNY,2025-09-28,834.53,380.81
223,台州梦龙家居站（200KW/430KWh）,CNY,2025-09-27,834.53,375.65
223,台州梦龙家居站（200KW/430KWh）,CNY,2025-09-26,834.53,247.5
223,台州梦龙家居站（200KW/430KWh）,CNY,2025-09-25,834.53,480.67
223,台州梦龙家居站（200KW/430KWh）,CNY,2025-09-24,834.53,281.95
223,台州梦龙家居站（200KW/430KWh）,CNY,2025-09-23,834.53,547.11
223,台州梦龙家居站（200KW/430KWh）,CNY,2025-09-22,834.53,366.41
223,台州梦龙家居站（200KW/430KWh）,CNY,2025-09-21,834.53,333.98
223,台州梦龙家居站（200KW/430KWh）,CNY,2025-09-20,834.53,272.76
223,台州梦龙家居站（200KW/430KWh）,CNY,2025-09-19,834.53,545.08
223,台州梦龙家居站（200KW/430KWh）,CNY,2025-09-18,834.53,394.05
223,台州梦龙家居站（200KW/430KWh）,CNY,2025-09-17,834.53,676.15
223,台州梦龙家居站（200KW/430KWh）,CNY,2025-09-16,834.53,279.22
223,台州梦龙家居站（200KW/430KWh）,CNY,2025-09-15,834.53,330.42
223,台州梦龙家居站（200KW/430KWh）,CNY,2025-09-14,834.53,35.04
223,台州梦龙家居站（200KW/430KWh）,CNY,2025-09-13,834.53,-49.93
223,台州梦龙家居站（200KW/430KWh）,CNY,2025-09-12,834.53,178.27
223,台州梦龙家居站（200KW/430KWh）,CNY,2025-09-11,834.53,422.96
223,台州梦龙家居站（200KW/430KWh）,CNY,2025-09-10,834.53,621.55
223,台州梦龙家居站（200KW/430KWh）,CNY,2025-09-09,834.53,94.18
223,台州梦龙家居站（200KW/430KWh）,CNY,2025-09-08,834.53,263.66
223,台州梦龙家居站（200KW/430KWh）,CNY,2025-09-07,834.53,32.76
223,台州梦龙家居站（200KW/430KWh）,CNY,2025-09-06,834.53,-30.93
223,台州梦龙家居站（200KW/430KWh）,CNY,2025-09-05,834.53,76.65
223,台州梦龙家居站（200KW/430KWh）,CNY,2025-09-04,834.53,-14.96
223,台州梦龙家居站（200KW/430KWh）,CNY,2025-09-03,834.53,432.66
223,台州梦龙家居站（200KW/430KWh）,CNY,2025-09-02,834.53,346.31
223,台州梦龙家居站（200KW/430KWh）,CNY,2025-09-01,834.53,-12.29
231,力庆机械储能电站,CNY,2026-01-13,983.63,994.18
231,力庆机械储能电站,CNY,2026-01-12,983.63,994.19
231,力庆机械储能电站,CNY,2026-01-11,983.63,607.89
231,力庆机械储能电站,CNY,2026-01-10,983.63,994.65
231,力庆机械储能电站,CNY,2026-01-09,983.63,994.03
231,力庆机械储能电站,CNY,2026-01-08,983.63,992.31
231,力庆机械储能电站,CNY,2026-01-07,983.63,995.36
231,力庆机械储能电站,CNY,2026-01-06,983.63,966.6
231,力庆机械储能电站,CNY,2026-01-05,983.63,768.81
231,力庆机械储能电站,CNY,2026-01-04,983.63,986.99
231,力庆机械储能电站,CNY,2026-01-03,983.63,997.77
231,力庆机械储能电站,CNY,2026-01-02,983.63,705.76
231,力庆机械储能电站,CNY,2026-01-01,983.63,436.4
231,力庆机械储能电站,CNY,2025-12-31,1047.69,907.64
231,力庆机械储能电站,CNY,2025-12-30,1047.69,1049.93
231,力庆机械储能电站,CNY,2025-12-29,1047.69,1058.62
231,力庆机械储能电站,CNY,2025-12-28,1040.91,709.9
231,力庆机械储能电站,CNY,2025-12-27,1047.69,1058.59
231,力庆机械储能电站,CNY,2025-12-26,1047.69,1061.96
231,力庆机械储能电站,CNY,2025-12-25,1047.69,1031.19
231,力庆机械储能电站,CNY,2025-12-24,1047.69,822.17
231,力庆机械储能电站,CNY,2025-12-23,1047.69,1051.76
231,力庆机械储能电站,CNY,2025-12-22,1047.69,1031.69
231,力庆机械储能电站,CNY,2025-12-21,1040.91,1045.76
231,力庆机械储能电站,CNY,2025-12-20,1047.69,1057.84
231,力庆机械储能电站,CNY,2025-12-19,1047.69,1057.93
231,力庆机械储能电站,CNY,2025-12-18,1047.69,1059.79
231,力庆机械储能电站,CNY,2025-12-17,1047.69,1060.05
231,力庆机械储能电站,CNY,2025-12-16,1047.69,1057.42
231,力庆机械储能电站,CNY,2025-12-15,1047.69,1058.74
231,力庆机械储能电站,CNY,2025-12-14,1040.91,558.15
231,力庆机械储能电站,CNY,2025-12-13,1047.69,964.12
231,力庆机械储能电站,CNY,2025-12-12,1047.69,1056.23
231,力庆机械储能电站,CNY,2025-12-11,1047.69,1059.27
231,力庆机械储能电站,CNY,2025-12-10,1047.69,1052.39
231,力庆机械储能电站,CNY,2025-12-09,1040.91,1048.76
231,力庆机械储能电站,CNY,2025-12-08,1040.91,1047.1
231,力庆机械储能电站,CNY,2025-12-07,1040.91,813.19
231,力庆机械储能电站,CNY,2025-12-06,1040.91,1043.93
231,力庆机械储能电站,CNY,2025-12-05,1040.91,1000.2
231,力庆机械储能电站,CNY,2025-12-04,1040.91,1055.33
231,力庆机械储能电站,CNY,2025-12-03,1040.91,1023.21
231,力庆机械储能电站,CNY,2025-12-02,1040.91,1012.66
231,力庆机械储能电站,CNY,2025-12-01,1040.91,1069.1
231,力庆机械储能电站,CNY,2025-11-30,982.45,422.7
231,力庆机械储能电站,CNY,2025-11-29,982.45,884.68
231,力庆机械储能电站,CNY,2025-11-28,982.45,885.75
231,力庆机械储能电站,CNY,2025-11-27,982.45,884.77
231,力庆机械储能电站,CNY,2025-11-26,982.45,884.18
231,力庆机械储能电站,CNY,2025-11-25,982.45,880.98
231,力庆机械储能电站,CNY,2025-11-24,982.45,877.98
231,力庆机械储能电站,CNY,2025-11-23,982.45,578.47
231,力庆机械储能电站,CNY,2025-11-22,982.45,888.79
231,力庆机械储能电站,CNY,2025-11-21,982.45,889.06
231,力庆机械储能电站,CNY,2025-11-20,982.45,658.02
231,力庆机械储能电站,CNY,2025-11-19,982.45,664.28
231,力庆机械储能电站,CNY,2025-11-18,982.45,890.57
231,力庆机械储能电站,CNY,2025-11-17,982.45,771.46
231,力庆机械储能电站,CNY,2025-11-16,1397.56,562.27
231,力庆机械储能电站,CNY,2025-11-15,982.45,886.97
231,力庆机械储能电站,CNY,2025-11-14,982.45,885.92
231,力庆机械储能电站,CNY,2025-11-13,982.45,876.5
231,力庆机械储能电站,CNY,2025-11-12,982.45,713.89
231,力庆机械储能电站,CNY,2025-11-11,982.45,1743.01
231,力庆机械储能电站,CNY,2025-11-10,982.45,802.74
231,力庆机械储能电站,CNY,2025-11-09,1397.56,1775.19
231,力庆机械储能电站,CNY,2025-11-08,982.45,1768.93
231,力庆机械储能电站,CNY,2025-11-07,982.45,1951.73
231,力庆机械储能电站,CNY,2025-11-06,982.45,814.27
231,力庆机械储能电站,CNY,2025-11-05,982.45,830.52
231,力庆机械储能电站,CNY,2025-11-04,982.45,830.48
231,力庆机械储能电站,CNY,2025-11-03,1443.69,880.24
231,力庆机械储能电站,CNY,2025-11-02,1443.69,413.15
231,力庆机械储能电站,CNY,2025-11-01,1443.69,870.53
231,力庆机械储能电站,CNY,2025-10-31,1351.61,794.64
231,力庆机械储能电站,CNY,2025-10-30,1351.61,782.57
231,力庆机械储能电站,CNY,2025-10-29,1351.61,819.81
231,力庆机械储能电站,CNY,2025-10-28,1351.61,819.16
231,力庆机械储能电站,CNY,2025-10-27,1351.61,820.07
231,力庆机械储能电站,CNY,2025-10-26,1351.61,809.13
231,力庆机械储能电站,CNY,2025-10-25,1351.61,814.55
231,力庆机械储能电站,CNY,2025-10-24,1351.61,813.7
231,力庆机械储能电站,CNY,2025-10-23,1351.61,812.99
231,力庆机械储能电站,CNY,2025-10-22,1351.61,802.21
231,力庆机械储能电站,CNY,2025-10-21,1351.61,802.98
231,力庆机械储能电站,CNY,2025-10-20,1351.61,777.45
231,力庆机械储能电站,CNY,2025-10-19,1351.61,604.6
231,力庆机械储能电站,CNY,2025-10-18,1351.61,720.52
231,力庆机械储能电站,CNY,2025-10-17,1351.61,800.35
231,力庆机械储能电站,CNY,2025-10-16,1351.61,749.17
231,力庆机械储能电站,CNY,2025-10-15,1351.61,797.78
231,力庆机械储能电站,CNY,2025-10-14,1135.7,706.69
231,力庆机械储能电站,CNY,2025-10-13,1351.61,796.99
231,力庆机械储能电站,CNY,2025-10-12,1351.61,513.79
231,力庆机械储能电站,CNY,2025-10-11,1351.61,732.39
231,力庆机械储能电站,CNY,2025-10-10,1351.61,793.8
231,力庆机械储能电站,CNY,2025-10-09,1351.61,815.01
231,力庆机械储能电站,CNY,2025-10-08,1014.03,916.3
231,力庆机械储能电站,CNY,2025-10-07,1014.03,945.54
231,力庆机械储能电站,CNY,2025-10-06,1014.03,32.2
231,力庆机械储能电站,CNY,2025-10-05,1014.03,166.23
231,力庆机械储能电站,CNY,2025-10-04,1014.03,466.88
231,力庆机械储能电站,CNY,2025-10-03,1014.03,1.84
231,力庆机械储能电站,CNY,2025-10-02,1014.03,-3.47
231,力庆机械储能电站,CNY,2025-10-01,1014.03,-214.72
231,力庆机械储能电站,CNY,2025-09-30,1340.35,776.98
231,力庆机械储能电站,CNY,2025-09-29,1289.31,806.59
231,力庆机械储能电站,CNY,2025-09-28,1289.31,734.71
231,力庆机械储能电站,CNY,2025-09-27,1289.31,803.84
231,力庆机械储能电站,CNY,2025-09-26,1289.31,802.28
231,力庆机械储能电站,CNY,2025-09-25,1289.31,796.66
231,力庆机械储能电站,CNY,2025-09-24,1289.31,801.55
231,力庆机械储能电站,CNY,2025-09-23,1289.31,780.75
231,力庆机械储能电站,CNY,2025-09-22,1289.31,764.34
231,力庆机械储能电站,CNY,2025-09-21,1289.31,364.78
231,力庆机械储能电站,CNY,2025-09-20,1289.31,757.76
231,力庆机械储能电站,CNY,2025-09-19,1289.31,807.46
231,力庆机械储能电站,CNY,2025-09-18,1289.31,747.72
231,力庆机械储能电站,CNY,2025-09-17,1289.31,738.35
231,力庆机械储能电站,CNY,2025-09-16,1289.31,654.3
231,力庆机械储能电站,CNY,2025-09-15,1289.31,742.68
231,力庆机械储能电站,CNY,2025-09-14,1289.31,405.09
231,力庆机械储能电站,CNY,2025-09-13,1289.31,692.13
231,力庆机械储能电站,CNY,2025-09-12,1289.31,607.25
231,力庆机械储能电站,CNY,2025-09-11,1289.31,1084.36
231,力庆机械储能电站,CNY,2025-09-10,1289.31,1365.75
231,力庆机械储能电站,CNY,2025-09-09,1289.31,778.38
231,力庆机械储能电站,CNY,2025-09-08,1289.31,578.14
231,力庆机械储能电站,CNY,2025-09-07,1289.31,308.73
231,力庆机械储能电站,CNY,2025-09-06,1289.31,619.45
231,力庆机械储能电站,CNY,2025-09-05,1289.31,764.82
231,力庆机械储能电站,CNY,2025-09-04,1289.31,693.3
231,力庆机械储能电站,CNY,2025-09-03,1289.31,705.88
231,力庆机械储能电站,CNY,2025-09-02,1289.31,806.2
231,力庆机械储能电站,CNY,2025-09-01,1289.31,802.09
233,宁盛钢管储能电站,CNY,2026-01-13,1303.02,-54.75
233,宁盛钢管储能电站,CNY,2026-01-12,1303.02,780.7
233,宁盛钢管储能电站,CNY,2026-01-11,1303.02,1168.58
233,宁盛钢管储能电站,CNY,2026-01-10,1303.02,1206.42
233,宁盛钢管储能电站,CNY,2026-01-09,1303.02,1410.8
233,宁盛钢管储能电站,CNY,2026-01-08,1303.02,519.63
233,宁盛钢管储能电站,CNY,2026-01-07,1303.02,637.41
233,宁盛钢管储能电站,CNY,2026-01-06,1303.02,742.23
233,宁盛钢管储能电站,CNY,2026-01-05,1303.02,1236.76
233,宁盛钢管储能电站,CNY,2026-01-04,1303.02,1291.72
233,宁盛钢管储能电站,CNY,2026-01-03,1303.02,1187.79
233,宁盛钢管储能电站,CNY,2026-01-02,1303.02,1213.92
233,宁盛钢管储能电站,CNY,2026-01-01,1303.02,36.52
233,宁盛钢管储能电站,CNY,2025-12-31,1387.88,1191.81
233,宁盛钢管储能电站,CNY,2025-12-30,1387.88,1361.63
233,宁盛钢管储能电站,CNY,2025-12-29,1387.88,910.72
233,宁盛钢管储能电站,CNY,2025-12-28,1387.88,1351.8
233,宁盛钢管储能电站,CNY,2025-12-27,1387.88,1303.92
233,宁盛钢管储能电站,CNY,2025-12-26,1387.88,1284.77
233,宁盛钢管储能电站,CNY,2025-12-25,1387.88,1317.71
233,宁盛钢管储能电站,CNY,2025-12-24,1387.88,1353.5
233,宁盛钢管储能电站,CNY,2025-12-23,1387.88,1301.53
233,宁盛钢管储能电站,CNY,2025-12-22,1387.88,1334.72
233,宁盛钢管储能电站,CNY,2025-12-21,1387.88,614.06
233,宁盛钢管储能电站,CNY,2025-12-20,1387.88,1181.46
233,宁盛钢管储能电站,CNY,2025-12-19,1387.88,1347.97
233,宁盛钢管储能电站,CNY,2025-12-18,1387.88,1329.32
233,宁盛钢管储能电站,CNY,2025-12-17,1387.88,1334.4
233,宁盛钢管储能电站,CNY,2025-12-16,1387.88,1325.97
233,宁盛钢管储能电站,CNY,2025-12-15,1387.88,1433.7
233,宁盛钢管储能电站,CNY,2025-12-14,1387.88,1002.55
233,宁盛钢管储能电站,CNY,2025-12-13,1387.88,1293.29
233,宁盛钢管储能电站,CNY,2025-12-12,1387.88,1313.52
233,宁盛钢管储能电站,CNY,2025-12-11,1387.88,1309.26
233,宁盛钢管储能电站,CNY,2025-12-10,1387.88,1301.61
233,宁盛钢管储能电站,CNY,2025-12-09,1387.88,1348.3
233,宁盛钢管储能电站,CNY,2025-12-08,1387.88,1440.23
233,宁盛钢管储能电站,CNY,2025-12-07,1387.88,781.7
233,宁盛钢管储能电站,CNY,2025-12-06,1387.88,1353.52
233,宁盛钢管储能电站,CNY,2025-12-05,1387.88,1320.5
233,宁盛钢管储能电站,CNY,2025-12-04,1387.88,1342.24
233,宁盛钢管储能电站,CNY,2025-12-03,1387.88,1328.84
233,宁盛钢管储能电站,CNY,2025-12-02,1387.88,1307.81
233,宁盛钢管储能电站,CNY,2025-12-01,1387.88,1327.58
233,宁盛钢管储能电站,CNY,2025-11-30,1349.59,1166.8
233,宁盛钢管储能电站,CNY,2025-11-29,1349.59,1172.43
233,宁盛钢管储能电站,CNY,2025-11-28,1349.59,1133.87
233,宁盛钢管储能电站,CNY,2025-11-27,1349.59,1215.05
233,宁盛钢管储能电站,CNY,2025-11-26,1349.59,1153.64
233,宁盛钢管储能电站,CNY,2025-11-25,1349.59,1164.82
233,宁盛钢管储能电站,CNY,2025-11-24,1349.59,1438.22
233,宁盛钢管储能电站,CNY,2025-11-23,1349.59,-145.54
233,宁盛钢管储能电站,CNY,2025-11-22,1349.59,1153.7
233,宁盛钢管储能电站,CNY,2025-11-21,1349.59,1159.56
233,宁盛钢管储能电站,CNY,2025-11-20,1349.59,1173.08
233,宁盛钢管储能电站,CNY,2025-11-19,1349.59,1282.7
233,宁盛钢管储能电站,CNY,2025-11-18,1349.59,939.87
233,宁盛钢管储能电站,CNY,2025-11-17,1349.59,1132.32
233,宁盛钢管储能电站,CNY,2025-11-16,1349.59,-228.59
233,宁盛钢管储能电站,CNY,2025-11-15,1349.59,922.76
233,宁盛钢管储能电站,CNY,2025-11-14,1349.59,1144.85
233,宁盛钢管储能电站,CNY,2025-11-13,1349.59,1156.52
233,宁盛钢管储能电站,CNY,2025-11-12,1349.59,1155.69
233,宁盛钢管储能电站,CNY,2025-11-11,1349.59,1138.3
233,宁盛钢管储能电站,CNY,2025-11-10,1349.59,1444.44
233,宁盛钢管储能电站,CNY,2025-11-09,1349.59,-320.44
233,宁盛钢管储能电站,CNY,2025-11-08,1349.59,1191.47
233,宁盛钢管储能电站,CNY,2025-11-07,1349.59,909.24
233,宁盛钢管储能电站,CNY,2025-11-06,1349.59,1115.28
233,宁盛钢管储能电站,CNY,2025-11-05,1349.59,1107.72
233,宁盛钢管储能电站,CNY,2025-11-04,1349.59,1164.18
233,宁盛钢管储能电站,CNY,2025-11-03,1349.59,1460.45
233,宁盛钢管储能电站,CNY,2025-11-02,1349.59,-321.09
233,宁盛钢管储能电站,CNY,2025-11-01,1349.59,1135.85
233,宁盛钢管储能电站,CNY,2025-10-31,1263.53,1067.82
233,宁盛钢管储能电站,CNY,2025-10-30,1263.53,1126.73
233,宁盛钢管储能电站,CNY,2025-10-29,1263.53,600.4
233,宁盛钢管储能电站,CNY,2025-10-28,1263.53,1112.47
233,宁盛钢管储能电站,CNY,2025-10-27,1263.53,1303.23
233,宁盛钢管储能电站,CNY,2025-10-26,1263.53,-165.3
233,宁盛钢管储能电站,CNY,2025-10-25,1263.53,1006.28
233,宁盛钢管储能电站,CNY,2025-10-24,1263.53,1140.63
233,宁盛钢管储能电站,CNY,2025-10-23,1263.53,790.81
233,宁盛钢管储能电站,CNY,2025-10-22,1263.53,778.79
233,宁盛钢管储能电站,CNY,2025-10-21,1263.53,343.24
233,宁盛钢管储能电站,CNY,2025-10-20,1263.53,1101.18
233,宁盛钢管储能电站,CNY,2025-10-19,1263.53,-302.19
233,宁盛钢管储能电站,CNY,2025-10-18,1263.53,1172.91
233,宁盛钢管储能电站,CNY,2025-10-17,1263.53,635.83
233,宁盛钢管储能电站,CNY,2025-10-16,1263.53,923.68
233,宁盛钢管储能电站,CNY,2025-10-15,1263.53,821.48
233,宁盛钢管储能电站,CNY,2025-10-14,1263.53,1017.91
233,宁盛钢管储能电站,CNY,2025-10-13,1263.53,1363.4
233,宁盛钢管储能电站,CNY,2025-10-12,1263.53,-295.9
233,宁盛钢管储能电站,CNY,2025-10-11,1263.53,1148.77
233,宁盛钢管储能电站,CNY,2025-10-10,1263.53,827.14
233,宁盛钢管储能电站,CNY,2025-10-09,1263.53,313.42
233,宁盛钢管储能电站,CNY,2025-10-08,1370.61,221.32
233,宁盛钢管储能电站,CNY,2025-10-07,1370.61,540.36
233,宁盛钢管储能电站,CNY,2025-10-06,1370.61,1109.69
233,宁盛钢管储能电站,CNY,2025-10-05,1370.61,1118.87
233,宁盛钢管储能电站,CNY,2025-10-04,1370.61,920.32
233,宁盛钢管储能电站,CNY,2025-10-03,1370.61,-11.03
233,宁盛钢管储能电站,CNY,2025-10-02,1370.61,-9.05
233,宁盛钢管储能电站,CNY,2025-10-01,1370.61,-303.28
233,宁盛钢管储能电站,CNY,2025-09-30,1253,1074.81
233,宁盛钢管储能电站,CNY,2025-09-29,1254.33,1054.14
233,宁盛钢管储能电站,CNY,2025-09-28,1254.33,1022.32
233,宁盛钢管储能电站,CNY,2025-09-27,1254.33,1071.08
233,宁盛钢管储能电站,CNY,2025-09-26,1254.33,1069.04
233,宁盛钢管储能电站,CNY,2025-09-25,1254.33,907.98
233,宁盛钢管储能电站,CNY,2025-09-24,1254.33,1071.01
233,宁盛钢管储能电站,CNY,2025-09-23,1254.33,1072.81
233,宁盛钢管储能电站,CNY,2025-09-22,1254.33,1072.42
233,宁盛钢管储能电站,CNY,2025-09-21,1254.33,1077.03
233,宁盛钢管储能电站,CNY,2025-09-20,1254.33,1121.24
233,宁盛钢管储能电站,CNY,2025-09-19,1254.33,948.47
233,宁盛钢管储能电站,CNY,2025-09-18,1254.33,1081.98
233,宁盛钢管储能电站,CNY,2025-09-17,1254.33,1060.22
233,宁盛钢管储能电站,CNY,2025-09-16,1254.33,1060.14
233,宁盛钢管储能电站,CNY,2025-09-15,1254.33,1291.94
233,宁盛钢管储能电站,CNY,2025-09-14,1254.33,-60.43
233,宁盛钢管储能电站,CNY,2025-09-13,1254.33,907.81
233,宁盛钢管储能电站,CNY,2025-09-12,1254.33,1078.45
233,宁盛钢管储能电站,CNY,2025-09-11,1254.33,1061.19
233,宁盛钢管储能电站,CNY,2025-09-10,1254.33,1074.95
233,宁盛钢管储能电站,CNY,2025-09-09,1254.33,1078.17
233,宁盛钢管储能电站,CNY,2025-09-08,1254.33,1316.18
233,宁盛钢管储能电站,CNY,2025-09-07,1254.33,-267.77
233,宁盛钢管储能电站,CNY,2025-09-06,1254.33,1064.31
233,宁盛钢管储能电站,CNY,2025-09-05,1254.33,1070.61
233,宁盛钢管储能电站,CNY,2025-09-04,1254.33,1073.87
233,宁盛钢管储能电站,CNY,2025-09-03,1254.33,1082.61
233,宁盛钢管储能电站,CNY,2025-09-02,1254.33,1071.88
233,宁盛钢管储能电站,CNY,2025-09-01,1254.33,1324.99
238,甬微集团,CNY,2026-01-13,4971.04,4967.8
238,甬微集团,CNY,2026-01-12,4971.04,5001.75
238,甬微集团,CNY,2026-01-11,4971.04,4979.99
238,甬微集团,CNY,2026-01-10,4971.04,4968.5
238,甬微集团,CNY,2026-01-09,4971.04,4988.93
238,甬微集团,CNY,2026-01-08,4971.04,4961.1
238,甬微集团,CNY,2026-01-07,4971.04,4979.89
238,甬微集团,CNY,2026-01-06,4971.04,4975.05
238,甬微集团,CNY,2026-01-05,4971.04,4563.67
238,甬微集团,CNY,2026-01-04,4971.04,5029.05
238,甬微集团,CNY,2026-01-03,4971.04,4393.33
238,甬微集团,CNY,2026-01-02,4971.04,2296.84
238,甬微集团,CNY,2026-01-01,4971.04,3207.11
238,甬微集团,CNY,2025-12-31,5294.8,5313.87
238,甬微集团,CNY,2025-12-30,5294.8,5098.04
238,甬微集团,CNY,2025-12-29,5294.8,5318.09
238,甬微集团,CNY,2025-12-28,5294.8,5324.31
238,甬微集团,CNY,2025-12-27,5294.8,5306.76
238,甬微集团,CNY,2025-12-26,5294.8,5153
238,甬微集团,CNY,2025-12-25,5294.8,5302.07
238,甬微集团,CNY,2025-12-24,5294.8,5136.04
238,甬微集团,CNY,2025-12-23,5294.8,5299.61
238,甬微集团,CNY,2025-12-22,5294.8,4955.57
238,甬微集团,CNY,2025-12-21,5294.8,5217.33
238,甬微集团,CNY,2025-12-20,5294.8,5216.72
238,甬微集团,CNY,2025-12-19,5294.8,5248.59
238,甬微集团,CNY,2025-12-18,5294.8,5268.42
238,甬微集团,CNY,2025-12-17,5294.8,5303.12
238,甬微集团,CNY,2025-12-16,5294.8,5279.1
238,甬微集团,CNY,2025-12-15,5294.8,5317.23
238,甬微集团,CNY,2025-12-14,5294.8,5073.05
238,甬微集团,CNY,2025-12-13,5294.8,5222.05
238,甬微集团,CNY,2025-12-12,5294.8,5144.95
238,甬微集团,CNY,2025-12-11,5294.8,5295.37
238,甬微集团,CNY,2025-12-10,5294.8,5276.77
238,甬微集团,CNY,2025-12-09,5294.8,5298.21
238,甬微集团,CNY,2025-12-08,5294.8,5309.39
238,甬微集团,CNY,2025-12-07,5294.8,4810.78
238,甬微集团,CNY,2025-12-06,5294.8,5305.05
238,甬微集团,CNY,2025-12-05,5294.8,5132.26
238,甬微集团,CNY,2025-12-04,5294.8,5302.47
238,甬微集团,CNY,2025-12-03,5294.8,5299.64
238,甬微集团,CNY,2025-12-02,5294.8,5270.48
238,甬微集团,CNY,2025-12-01,5294.8,5281.26
238,甬微集团,CNY,2025-11-30,4523.05,4368.68
238,甬微集团,CNY,2025-11-29,4523.05,4398.46
238,甬微集团,CNY,2025-11-28,4523.05,4423.64
238,甬微集团,CNY,2025-11-27,4523.05,4408.11
238,甬微集团,CNY,2025-11-26,4523.05,4414.96
238,甬微集团,CNY,2025-11-25,4523.05,4397.22
238,甬微集团,CNY,2025-11-24,4523.05,4393.08
238,甬微集团,CNY,2025-11-23,4523.05,4245.52
238,甬微集团,CNY,2025-11-22,4523.05,4343.94
238,甬微集团,CNY,2025-11-21,4523.05,4403.29
238,甬微集团,CNY,2025-11-20,4523.05,4405.26
238,甬微集团,CNY,2025-11-19,4523.05,4388.6
238,甬微集团,CNY,2025-11-18,4523.05,4381.82
238,甬微集团,CNY,2025-11-17,4523.05,4382.77
238,甬微集团,CNY,2025-11-16,4523.05,3791.2
238,甬微集团,CNY,2025-11-15,4523.05,4357.51
238,甬微集团,CNY,2025-11-14,4523.05,4397.39
238,甬微集团,CNY,2025-11-13,4523.05,4670.19
238,甬微集团,CNY,2025-11-12,4523.05,4368.35
238,甬微集团,CNY,2025-11-11,4523.05,4666.72
238,甬微集团,CNY,2025-11-10,4523.05,4378.78
238,甬微集团,CNY,2025-11-09,4523.05,4394.99
238,甬微集团,CNY,2025-11-08,4523.05,4404.66
238,甬微集团,CNY,2025-11-07,4523.05,4237.28
238,甬微集团,CNY,2025-11-06,4523.05,4334.7
238,甬微集团,CNY,2025-11-05,4523.05,4176.21
238,甬微集团,CNY,2025-11-04,4523.05,4097.65
238,甬微集团,CNY,2025-11-03,4523.05,4393.93
238,甬微集团,CNY,2025-11-02,4523.05,4251.29
238,甬微集团,CNY,2025-11-01,4523.05,4372.62
238,甬微集团,CNY,2025-10-31,4234.6,3811.19
238,甬微集团,CNY,2025-10-30,4234.6,3825.7
238,甬微集团,CNY,2025-10-29,4234.6,4006.82
238,甬微集团,CNY,2025-10-28,4234.6,4098.75
238,甬微集团,CNY,2025-10-27,4234.6,4079.71
238,甬微集团,CNY,2025-10-26,4234.6,3851.54
238,甬微集团,CNY,2025-10-25,4234.6,4076.62
238,甬微集团,CNY,2025-10-24,4234.6,3991.23
238,甬微集团,CNY,2025-10-23,4234.6,4066.48
238,甬微集团,CNY,2025-10-22,4234.6,3345.73
238,甬微集团,CNY,2025-10-21,4234.6,4037.28
238,甬微集团,CNY,2025-10-20,4234.6,3112.99
238,甬微集团,CNY,2025-10-19,4234.6,4007.23
238,甬微集团,CNY,2025-10-18,4234.6,3288.48
238,甬微集团,CNY,2025-10-17,4234.6,3503.92
238,甬微集团,CNY,2025-10-16,4234.6,3153.45
238,甬微集团,CNY,2025-10-15,4234.6,3473.59
238,甬微集团,CNY,2025-10-14,4234.6,3236.71
238,甬微集团,CNY,2025-10-13,4234.6,3474.49
238,甬微集团,CNY,2025-10-12,4234.6,3919.79
238,甬微集团,CNY,2025-10-11,4234.6,3668.53
238,甬微集团,CNY,2025-10-10,4234.6,3386.01
238,甬微集团,CNY,2025-10-09,4234.6,3945.88
238,甬微集团,CNY,2025-10-08,5037.77,4571.06
238,甬微集团,CNY,2025-10-07,5037.77,5347.84
238,甬微集团,CNY,2025-10-06,5037.77,1001.36
238,甬微集团,CNY,2025-10-05,5037.77,4159.45
238,甬微集团,CNY,2025-10-04,5037.77,5122.73
238,甬微集团,CNY,2025-10-03,5037.77,299.03
238,甬微集团,CNY,2025-10-02,5037.77,313.13
238,甬微集团,CNY,2025-10-01,5037.77,721.12
238,甬微集团,CNY,2025-09-30,4199.31,3963.35
238,甬微集团,CNY,2025-09-29,4222.41,3875.24
238,甬微集团,CNY,2025-09-28,4222.41,3964.89
238,甬微集团,CNY,2025-09-27,4222.41,3525.28
238,甬微集团,CNY,2025-09-26,4222.41,3584.11
238,甬微集团,CNY,2025-09-25,4222.41,3428.76
238,甬微集团,CNY,2025-09-24,4222.41,3275.54
238,甬微集团,CNY,2025-09-23,4222.41,2930.47
238,甬微集团,CNY,2025-09-22,4222.41,3521.56
238,甬微集团,CNY,2025-09-21,4222.41,4044.72
238,甬微集团,CNY,2025-09-20,4222.41,3373.51
238,甬微集团,CNY,2025-09-19,4222.41,3749.37
238,甬微集团,CNY,2025-09-18,4222.41,3001.96
238,甬微集团,CNY,2025-09-17,4222.41,3656.76
238,甬微集团,CNY,2025-09-16,4222.41,3765.87
238,甬微集团,CNY,2025-09-15,4222.41,3549.58
238,甬微集团,CNY,2025-09-14,4222.41,4046.87
238,甬微集团,CNY,2025-09-13,4222.41,3473.3
238,甬微集团,CNY,2025-09-12,4222.41,3888.82
238,甬微集团,CNY,2025-09-11,4222.41,3352.84
238,甬微集团,CNY,2025-09-10,4222.41,3466.03
238,甬微集团,CNY,2025-09-09,4222.41,3173.72
238,甬微集团,CNY,2025-09-08,4222.41,3266.43
238,甬微集团,CNY,2025-09-07,4222.41,3739.17
238,甬微集团,CNY,2025-09-06,4222.41,3591.67
238,甬微集团,CNY,2025-09-05,4222.41,3808.81
238,甬微集团,CNY,2025-09-04,4222.41,3722.04
238,甬微集团,CNY,2025-09-03,4222.41,3848.59
238,甬微集团,CNY,2025-09-02,4222.41,3313.7
238,甬微集团,CNY,2025-09-01,4222.41,3436.77
240,金华美铂拉储能电站,CNY,2026-01-13,866.93,709.5
240,金华美铂拉储能电站,CNY,2026-01-12,866.93,676.08
240,金华美铂拉储能电站,CNY,2026-01-11,866.93,682.62
240,金华美铂拉储能电站,CNY,2026-01-10,866.93,718.9
240,金华美铂拉储能电站,CNY,2026-01-09,866.93,830.49
240,金华美铂拉储能电站,CNY,2026-01-08,866.93,727.85
240,金华美铂拉储能电站,CNY,2026-01-07,866.93,745.26
240,金华美铂拉储能电站,CNY,2026-01-06,866.93,701.79
240,金华美铂拉储能电站,CNY,2026-01-05,866.93,714.64
240,金华美铂拉储能电站,CNY,2026-01-04,866.93,708.91
240,金华美铂拉储能电站,CNY,2026-01-03,866.93,954.04
240,金华美铂拉储能电站,CNY,2026-01-02,866.93,775.17
240,金华美铂拉储能电站,CNY,2026-01-01,866.93,997.2
240,金华美铂拉储能电站,CNY,2025-12-31,923.39,783.14
240,金华美铂拉储能电站,CNY,2025-12-30,923.39,935.68
240,金华美铂拉储能电站,CNY,2025-12-29,923.39,809.55
240,金华美铂拉储能电站,CNY,2025-12-28,923.39,790.17
240,金华美铂拉储能电站,CNY,2025-12-27,923.39,787.47
240,金华美铂拉储能电站,CNY,2025-12-26,923.39,809.47
240,金华美铂拉储能电站,CNY,2025-12-25,923.39,833.16
240,金华美铂拉储能电站,CNY,2025-12-24,923.39,769.67
240,金华美铂拉储能电站,CNY,2025-12-23,923.39,790.88
240,金华美铂拉储能电站,CNY,2025-12-22,923.39,771.71
240,金华美铂拉储能电站,CNY,2025-12-21,923.39,761.97
240,金华美铂拉储能电站,CNY,2025-12-20,923.39,795.32
240,金华美铂拉储能电站,CNY,2025-12-19,923.39,792.82
240,金华美铂拉储能电站,CNY,2025-12-18,923.39,786.28
240,金华美铂拉储能电站,CNY,2025-12-17,923.39,780.85
240,金华美铂拉储能电站,CNY,2025-12-16,923.39,835.56
240,金华美铂拉储能电站,CNY,2025-12-15,923.39,784.44
240,金华美铂拉储能电站,CNY,2025-12-14,923.39,764.62
240,金华美铂拉储能电站,CNY,2025-12-13,923.39,808.99
240,金华美铂拉储能电站,CNY,2025-12-12,923.39,780.92
240,金华美铂拉储能电站,CNY,2025-12-11,923.39,871.64
240,金华美铂拉储能电站,CNY,2025-12-10,923.39,901.54
240,金华美铂拉储能电站,CNY,2025-12-09,923.39,813.85
240,金华美铂拉储能电站,CNY,2025-12-08,923.39,820.1
240,金华美铂拉储能电站,CNY,2025-12-07,923.39,1002.01
240,金华美铂拉储能电站,CNY,2025-12-06,923.39,818.42
240,金华美铂拉储能电站,CNY,2025-12-05,923.39,806.49
240,金华美铂拉储能电站,CNY,2025-12-04,923.39,855.71
240,金华美铂拉储能电站,CNY,2025-12-03,923.39,757.11
240,金华美铂拉储能电站,CNY,2025-12-02,923.39,782.82
240,金华美铂拉储能电站,CNY,2025-12-01,923.39,1037.59
240,金华美铂拉储能电站,CNY,2025-11-30,935.74,714.37
240,金华美铂拉储能电站,CNY,2025-11-29,935.74,690.98
240,金华美铂拉储能电站,CNY,2025-11-28,935.74,742.33
240,金华美铂拉储能电站,CNY,2025-11-27,935.74,867.83
240,金华美铂拉储能电站,CNY,2025-11-26,935.74,710.49
240,金华美铂拉储能电站,CNY,2025-11-25,935.74,736.96
240,金华美铂拉储能电站,CNY,2025-11-24,935.74,697.18
240,金华美铂拉储能电站,CNY,2025-11-23,935.74,668.94
240,金华美铂拉储能电站,CNY,2025-11-22,935.74,701.56
240,金华美铂拉储能电站,CNY,2025-11-21,935.74,689.55
240,金华美铂拉储能电站,CNY,2025-11-20,935.74,694.99
240,金华美铂拉储能电站,CNY,2025-11-19,935.74,723.69
240,金华美铂拉储能电站,CNY,2025-11-18,935.74,724.13
240,金华美铂拉储能电站,CNY,2025-11-17,935.74,569.86
240,金华美铂拉储能电站,CNY,2025-11-16,935.74,843.01
240,金华美铂拉储能电站,CNY,2025-11-15,935.74,739.78
240,金华美铂拉储能电站,CNY,2025-11-14,935.74,693.97
240,金华美铂拉储能电站,CNY,2025-11-13,935.74,674.18
240,金华美铂拉储能电站,CNY,2025-11-12,935.74,651.66
240,金华美铂拉储能电站,CNY,2025-11-11,935.74,667.14
240,金华美铂拉储能电站,CNY,2025-11-10,935.74,663.28
240,金华美铂拉储能电站,CNY,2025-11-09,935.74,680.01
240,金华美铂拉储能电站,CNY,2025-11-08,935.74,679.04
240,金华美铂拉储能电站,CNY,2025-11-07,935.74,660.34
240,金华美铂拉储能电站,CNY,2025-11-06,935.74,675.93
240,金华美铂拉储能电站,CNY,2025-11-05,935.74,693.27
240,金华美铂拉储能电站,CNY,2025-11-04,935.74,669.89
240,金华美铂拉储能电站,CNY,2025-11-03,935.74,671.84
240,金华美铂拉储能电站,CNY,2025-11-02,935.74,782.99
240,金华美铂拉储能电站,CNY,2025-11-01,935.74,864.23
240,金华美铂拉储能电站,CNY,2025-10-31,876.07,646.68
240,金华美铂拉储能电站,CNY,2025-10-30,876.07,810.41
240,金华美铂拉储能电站,CNY,2025-10-29,876.07,701.31
240,金华美铂拉储能电站,CNY,2025-10-28,876.07,661.47
240,金华美铂拉储能电站,CNY,2025-10-27,876.07,723.95
240,金华美铂拉储能电站,CNY,2025-10-26,876.07,667.12
240,金华美铂拉储能电站,CNY,2025-10-25,876.07,670.99
240,金华美铂拉储能电站,CNY,2025-10-24,876.07,690.28
240,金华美铂拉储能电站,CNY,2025-10-23,876.07,630.66
240,金华美铂拉储能电站,CNY,2025-10-22,876.07,685.47
240,金华美铂拉储能电站,CNY,2025-10-21,876.07,600.96
240,金华美铂拉储能电站,CNY,2025-10-20,876.07,646.84
240,金华美铂拉储能电站,CNY,2025-10-19,876.07,597.34
240,金华美铂拉储能电站,CNY,2025-10-18,876.07,558.02
240,金华美铂拉储能电站,CNY,2025-10-17,876.07,630.64
240,金华美铂拉储能电站,CNY,2025-10-16,876.07,618.41
240,金华美铂拉储能电站,CNY,2025-10-15,876.07,636
240,金华美铂拉储能电站,CNY,2025-10-14,876.07,611.09
240,金华美铂拉储能电站,CNY,2025-10-13,876.07,707.37
240,金华美铂拉储能电站,CNY,2025-10-12,876.07,628.82
240,金华美铂拉储能电站,CNY,2025-10-11,876.07,690.03
240,金华美铂拉储能电站,CNY,2025-10-10,876.07,715.07
240,金华美铂拉储能电站,CNY,2025-10-09,876.07,761.86
240,金华美铂拉储能电站,CNY,2025-10-08,1007.55,967.24
240,金华美铂拉储能电站,CNY,2025-10-07,1007.55,1064.24
240,金华美铂拉储能电站,CNY,2025-10-06,1007.55,347.69
240,金华美铂拉储能电站,CNY,2025-10-05,1007.55,767.55
240,金华美铂拉储能电站,CNY,2025-10-04,1007.55,939.04
240,金华美铂拉储能电站,CNY,2025-10-03,1007.55,969.15
240,金华美铂拉储能电站,CNY,2025-10-02,1007.55,929.91
240,金华美铂拉储能电站,CNY,2025-10-01,1007.55,973.67
240,金华美铂拉储能电站,CNY,2025-09-30,868.77,725.47
240,金华美铂拉储能电站,CNY,2025-09-29,761.19,737.3
240,金华美铂拉储能电站,CNY,2025-09-28,761.19,736.21
240,金华美铂拉储能电站,CNY,2025-09-27,761.19,707.08
240,金华美铂拉储能电站,CNY,2025-09-26,761.19,743.28
240,金华美铂拉储能电站,CNY,2025-09-25,761.19,756.79
240,金华美铂拉储能电站,CNY,2025-09-24,761.19,698.36
240,金华美铂拉储能电站,CNY,2025-09-23,761.19,692.36
240,金华美铂拉储能电站,CNY,2025-09-22,761.19,749.98
240,金华美铂拉储能电站,CNY,2025-09-21,761.19,652.63
240,金华美铂拉储能电站,CNY,2025-09-20,761.19,670.65
240,金华美铂拉储能电站,CNY,2025-09-19,761.19,685.3
240,金华美铂拉储能电站,CNY,2025-09-18,761.19,611.92
240,金华美铂拉储能电站,CNY,2025-09-17,761.19,645.76
240,金华美铂拉储能电站,CNY,2025-09-16,761.19,684.57
240,金华美铂拉储能电站,CNY,2025-09-15,761.19,661.08
240,金华美铂拉储能电站,CNY,2025-09-14,761.19,649.56
240,金华美铂拉储能电站,CNY,2025-09-13,761.19,664.39
240,金华美铂拉储能电站,CNY,2025-09-12,761.19,669.58
240,金华美铂拉储能电站,CNY,2025-09-11,761.19,668.88
240,金华美铂拉储能电站,CNY,2025-09-10,761.19,583.26
240,金华美铂拉储能电站,CNY,2025-09-09,761.19,604.75
240,金华美铂拉储能电站,CNY,2025-09-08,761.19,645.82
240,金华美铂拉储能电站,CNY,2025-09-07,761.19,649.47
240,金华美铂拉储能电站,CNY,2025-09-06,761.19,666.57
240,金华美铂拉储能电站,CNY,2025-09-05,761.19,425.31
240,金华美铂拉储能电站,CNY,2025-09-04,761.19,631.16
240,金华美铂拉储能电站,CNY,2025-09-03,761.19,660.85
240,金华美铂拉储能电站,CNY,2025-09-02,761.19,666.75
240,金华美铂拉储能电站,CNY,2025-09-01,761.19,685.3
245,德业北仑总部储能电站,CNY,2026-01-13,3596.61,3385.82
245,德业北仑总部储能电站,CNY,2026-01-12,3596.61,2987.16
245,德业北仑总部储能电站,CNY,2026-01-11,3596.61,2518.53
245,德业北仑总部储能电站,CNY,2026-01-10,3596.61,2980.34
245,德业北仑总部储能电站,CNY,2026-01-09,3596.61,2950.8
245,德业北仑总部储能电站,CNY,2026-01-08,3596.61,3876.38
245,德业北仑总部储能电站,CNY,2026-01-07,3596.61,3588.86
245,德业北仑总部储能电站,CNY,2026-01-06,3596.61,3522.55
245,德业北仑总部储能电站,CNY,2026-01-05,3596.61,4007.07
245,德业北仑总部储能电站,CNY,2026-01-04,3596.61,3148.19
245,德业北仑总部储能电站,CNY,2026-01-03,3596.61,3068.31
245,德业北仑总部储能电站,CNY,2026-01-02,3596.61,3089.07
245,德业北仑总部储能电站,CNY,2026-01-01,3596.61,1805.21
245,德业北仑总部储能电站,CNY,2025-12-31,3864.33,2092.96
245,德业北仑总部储能电站,CNY,2025-12-30,3864.33,3908.68
245,德业北仑总部储能电站,CNY,2025-12-29,3864.33,4019.57
245,德业北仑总部储能电站,CNY,2025-12-28,3864.33,3534.11
245,德业北仑总部储能电站,CNY,2025-12-27,3864.33,3577.72
245,德业北仑总部储能电站,CNY,2025-12-26,3864.33,3885.17
245,德业北仑总部储能电站,CNY,2025-12-25,3864.33,3996.7
245,德业北仑总部储能电站,CNY,2025-12-24,3864.33,3978.9
245,德业北仑总部储能电站,CNY,2025-12-23,3864.33,4007.75
245,德业北仑总部储能电站,CNY,2025-12-22,3864.33,3984.36
245,德业北仑总部储能电站,CNY,2025-12-21,3864.33,4426.81
245,德业北仑总部储能电站,CNY,2025-12-20,3864.33,3310.22
245,德业北仑总部储能电站,CNY,2025-12-19,3864.33,3097.91
245,德业北仑总部储能电站,CNY,2025-12-18,3864.33,3594.88
245,德业北仑总部储能电站,CNY,2025-12-17,3864.33,3588.82
245,德业北仑总部储能电站,CNY,2025-12-16,3864.33,3667.83
245,德业北仑总部储能电站,CNY,2025-12-15,3864.33,3803.38
245,德业北仑总部储能电站,CNY,2025-12-14,3864.33,3972.65
245,德业北仑总部储能电站,CNY,2025-12-13,3864.33,3901.49
245,德业北仑总部储能电站,CNY,2025-12-12,3864.33,3636.2
245,德业北仑总部储能电站,CNY,2025-12-11,3864.33,3320.91
245,德业北仑总部储能电站,CNY,2025-12-10,3864.33,3031.58
245,德业北仑总部储能电站,CNY,2025-12-09,3864.33,3559.17
245,德业北仑总部储能电站,CNY,2025-12-08,3864.33,3318.78
245,德业北仑总部储能电站,CNY,2025-12-07,3864.33,2937
245,德业北仑总部储能电站,CNY,2025-12-06,3864.33,3213.56
245,德业北仑总部储能电站,CNY,2025-12-05,3864.33,3570.53
245,德业北仑总部储能电站,CNY,2025-12-04,3864.33,3333.78
245,德业北仑总部储能电站,CNY,2025-12-03,3864.33,3884.34
245,德业北仑总部储能电站,CNY,2025-12-02,3864.33,3638.64
245,德业北仑总部储能电站,CNY,2025-12-01,3864.33,5013.68
245,德业北仑总部储能电站,CNY,2025-11-30,-658.23,-529.77
245,德业北仑总部储能电站,CNY,2025-11-29,2456.36,2227.97
245,德业北仑总部储能电站,CNY,2025-11-28,2456.36,2227.29
245,德业北仑总部储能电站,CNY,2025-11-27,2456.36,2416.35
245,德业北仑总部储能电站,CNY,2025-11-26,2456.36,5087.83
245,德业北仑总部储能电站,CNY,2025-11-25,2456.36,3906.65
245,德业北仑总部储能电站,CNY,2025-11-24,2456.36,1773.23
245,德业北仑总部储能电站,CNY,2025-11-23,2456.36,2428.99
245,德业北仑总部储能电站,CNY,2025-11-22,2456.36,2677.46
245,德业北仑总部储能电站,CNY,2025-11-21,2456.36,2662.15
245,德业北仑总部储能电站,CNY,2025-11-20,2456.36,2631.73
245,德业北仑总部储能电站,CNY,2025-11-19,2456.36,2553.55
245,德业北仑总部储能电站,CNY,2025-11-18,2456.36,2648.05
245,德业北仑总部储能电站,CNY,2025-11-17,2456.36,2434.81
245,德业北仑总部储能电站,CNY,2025-11-16,2456.36,3272.51
245,德业北仑总部储能电站,CNY,2025-11-15,2456.36,2700.94
245,德业北仑总部储能电站,CNY,2025-11-14,2456.36,2596.26
245,德业北仑总部储能电站,CNY,2025-11-13,2456.36,1258.29
245,德业北仑总部储能电站,CNY,2025-11-12,2456.36,1115.12
245,德业北仑总部储能电站,CNY,2025-11-11,2456.36,1718.64
245,德业北仑总部储能电站,CNY,2025-11-10,2456.36,2277.32
245,德业北仑总部储能电站,CNY,2025-11-09,2456.36,2497.54
245,德业北仑总部储能电站,CNY,2025-11-08,2456.36,2564.49
245,德业北仑总部储能电站,CNY,2025-11-07,2456.36,2715.46
245,德业北仑总部储能电站,CNY,2025-11-06,2456.36,2990.84
245,德业北仑总部储能电站,CNY,2025-11-05,2456.36,2789.07
245,德业北仑总部储能电站,CNY,2025-11-04,2456.36,2915.96
245,德业北仑总部储能电站,CNY,2025-11-03,2456.36,2959.02
245,德业北仑总部储能电站,CNY,2025-11-02,2456.36,2921.97
245,德业北仑总部储能电站,CNY,2025-11-01,2456.36,3290.13
245,德业北仑总部储能电站,CNY,2025-10-31,-562.52,87.75
245,德业北仑总部储能电站,CNY,2025-10-30,2279.43,2685.6
245,德业北仑总部储能电站,CNY,2025-10-29,2279.43,2772.79
245,德业北仑总部储能电站,CNY,2025-10-28,2279.43,2783.55
245,德业北仑总部储能电站,CNY,2025-10-27,2279.43,2789.46
245,德业北仑总部储能电站,CNY,2025-10-26,2279.43,2315.26
245,德业北仑总部储能电站,CNY,2025-10-25,2279.43,2430.08
245,德业北仑总部储能电站,CNY,2025-10-24,2279.43,2477.89
245,德业北仑总部储能电站,CNY,2025-10-23,2279.43,-728.95
245,德业北仑总部储能电站,CNY,2025-10-22,2279.43,2227.56
245,德业北仑总部储能电站,CNY,2025-10-21,2279.43,2311.17
245,德业北仑总部储能电站,CNY,2025-10-20,2279.43,2332.23
245,德业北仑总部储能电站,CNY,2025-10-19,2279.43,1201.09
245,德业北仑总部储能电站,CNY,2025-10-18,2279.43,2086.28
245,德业北仑总部储能电站,CNY,2025-10-17,2279.43,2098.4
245,德业北仑总部储能电站,CNY,2025-10-16,2279.43,2193.61
245,德业北仑总部储能电站,CNY,2025-10-15,2279.43,2328.11
245,德业北仑总部储能电站,CNY,2025-10-14,2029.42,2227.16
245,德业北仑总部储能电站,CNY,2025-10-13,2029.42,2311.17
245,德业北仑总部储能电站,CNY,2025-10-12,2029.42,2120.55
245,德业北仑总部储能电站,CNY,2025-10-11,2029.42,2053.18
245,德业北仑总部储能电站,CNY,2025-10-10,1946.09,2005.46
245,德业北仑总部储能电站,CNY,2025-10-09,1946.09,1958.86
245,德业北仑总部储能电站,CNY,2025-10-08,2912.03,-529.28
245,德业北仑总部储能电站,CNY,2025-10-07,2912.03,209.26
245,德业北仑总部储能电站,CNY,2025-10-06,2912.03,-363.5
245,德业北仑总部储能电站,CNY,2025-10-05,2912.03,2269.8
245,德业北仑总部储能电站,CNY,2025-10-04,2912.03,620.67
245,德业北仑总部储能电站,CNY,2025-10-03,2912.03,269.12
245,德业北仑总部储能电站,CNY,2025-10-02,2912.03,184.53
245,德业北仑总部储能电站,CNY,2025-10-01,2912.03,-327.38
245,德业北仑总部储能电站,CNY,2025-09-30,2257.76,2119.9
245,德业北仑总部储能电站,CNY,2025-09-29,2257.76,2311.91
245,德业北仑总部储能电站,CNY,2025-09-28,2257.76,2011.17
245,德业北仑总部储能电站,CNY,2025-09-27,2257.76,1904.94
245,德业北仑总部储能电站,CNY,2025-09-26,2257.76,1775.63
245,德业北仑总部储能电站,CNY,2025-09-25,2257.76,1776.35
245,德业北仑总部储能电站,CNY,2025-09-24,2257.76,1734.72
245,德业北仑总部储能电站,CNY,2025-09-23,2257.76,-374.96
245,德业北仑总部储能电站,CNY,2025-09-22,2257.76,111.68
245,德业北仑总部储能电站,CNY,2025-09-21,2257.76,1101.82
245,德业北仑总部储能电站,CNY,2025-09-20,2257.76,1715.06
245,德业北仑总部储能电站,CNY,2025-09-19,2257.76,1769.86
245,德业北仑总部储能电站,CNY,2025-09-18,2257.76,1828.43
245,德业北仑总部储能电站,CNY,2025-09-17,2257.76,2000.54
245,德业北仑总部储能电站,CNY,2025-09-16,2257.76,1729.14
245,德业北仑总部储能电站,CNY,2025-09-15,2257.76,1947.06
245,德业北仑总部储能电站,CNY,2025-09-14,2257.76,2078.69
245,德业北仑总部储能电站,CNY,2025-09-13,2257.76,1619.35
245,德业北仑总部储能电站,CNY,2025-09-12,2257.76,1372.73
245,德业北仑总部储能电站,CNY,2025-09-11,2257.76,1034.21
245,德业北仑总部储能电站,CNY,2025-09-10,2257.76,1670.29
245,德业北仑总部储能电站,CNY,2025-09-09,2257.76,1551.03
245,德业北仑总部储能电站,CNY,2025-09-08,2257.76,1222.87
245,德业北仑总部储能电站,CNY,2025-09-07,2257.76,1519.77
245,德业北仑总部储能电站,CNY,2025-09-06,2257.76,1395.35
245,德业北仑总部储能电站,CNY,2025-09-05,2257.76,1470.14
245,德业北仑总部储能电站,CNY,2025-09-04,2257.76,1617.43
245,德业北仑总部储能电站,CNY,2025-09-03,2257.76,1990.17
245,德业北仑总部储能电站,CNY,2025-09-02,2257.76,1891.66
245,德业北仑总部储能电站,CNY,2025-09-01,2257.76,1796.34
253,好点烟具储能电站,CNY,2026-01-13,1903.56,1984.12
253,好点烟具储能电站,CNY,2026-01-12,1903.56,1982.76
253,好点烟具储能电站,CNY,2026-01-11,1903.56,1929.71
253,好点烟具储能电站,CNY,2026-01-10,1903.56,2002.47
253,好点烟具储能电站,CNY,2026-01-09,1903.56,1994.1
253,好点烟具储能电站,CNY,2026-01-08,1903.56,1990.17
253,好点烟具储能电站,CNY,2026-01-07,1903.56,1999.81
253,好点烟具储能电站,CNY,2026-01-06,1903.56,2001.63
253,好点烟具储能电站,CNY,2026-01-05,1903.56,2313.83
253,好点烟具储能电站,CNY,2026-01-04,1903.56,1998.69
253,好点烟具储能电站,CNY,2026-01-03,1903.56,1995.26
253,好点烟具储能电站,CNY,2026-01-02,1903.56,2036.99
253,好点烟具储能电站,CNY,2026-01-01,1903.56,84.05
253,好点烟具储能电站,CNY,2025-12-31,2027.54,2109.67
253,好点烟具储能电站,CNY,2025-12-30,2027.54,2123.5
253,好点烟具储能电站,CNY,2025-12-29,2027.54,2126.93
253,好点烟具储能电站,CNY,2025-12-28,2027.54,2125.6
253,好点烟具储能电站,CNY,2025-12-27,2027.54,2125.15
253,好点烟具储能电站,CNY,2025-12-26,2027.54,2128.93
253,好点烟具储能电站,CNY,2025-12-25,536.29,2091.57
253,好点烟具储能电站,CNY,2025-12-24,2027.54,2104.96
253,好点烟具储能电站,CNY,2025-12-23,2027.54,2124.5
253,好点烟具储能电站,CNY,2025-12-22,2027.54,2126.7
253,好点烟具储能电站,CNY,2025-12-21,2027.54,2090.85
253,好点烟具储能电站,CNY,2025-12-20,2027.54,2121.14
253,好点烟具储能电站,CNY,2025-12-19,2027.54,2118.49
253,好点烟具储能电站,CNY,2025-12-18,2027.54,2118.38
253,好点烟具储能电站,CNY,2025-12-17,2027.54,2128.05
253,好点烟具储能电站,CNY,2025-12-16,2027.54,2125.26
253,好点烟具储能电站,CNY,2025-12-15,2027.54,2132.74
253,好点烟具储能电站,CNY,2025-12-14,2027.54,1582.7
253,好点烟具储能电站,CNY,2025-12-13,2027.54,2108.5
253,好点烟具储能电站,CNY,2025-12-12,2027.54,2126.28
253,好点烟具储能电站,CNY,2025-12-11,2027.54,2108.29
253,好点烟具储能电站,CNY,2025-12-10,2027.54,2105.76
253,好点烟具储能电站,CNY,2025-12-09,2027.54,2116.13
253,好点烟具储能电站,CNY,2025-12-08,2027.54,2128.49
253,好点烟具储能电站,CNY,2025-12-07,2027.54,1407.33
253,好点烟具储能电站,CNY,2025-12-06,2027.54,2119.84
253,好点烟具储能电站,CNY,2025-12-05,2027.54,2123.57
253,好点烟具储能电站,CNY,2025-12-04,2027.54,2123.7
253,好点烟具储能电站,CNY,2025-12-03,2027.54,2134.47
253,好点烟具储能电站,CNY,2025-12-02,2027.54,2127.9
253,好点烟具储能电站,CNY,2025-12-01,2027.54,2125.06
253,好点烟具储能电站,CNY,2025-11-30,1964.89,1253.55
253,好点烟具储能电站,CNY,2025-11-29,1964.89,1759.86
253,好点烟具储能电站,CNY,2025-11-28,1964.89,1775.41
253,好点烟具储能电站,CNY,2025-11-27,1964.89,1765.43
253,好点烟具储能电站,CNY,2025-11-26,1964.89,1773.73
253,好点烟具储能电站,CNY,2025-11-25,1964.89,1762.4
253,好点烟具储能电站,CNY,2025-11-24,1964.89,1748.82
253,好点烟具储能电站,CNY,2025-11-23,1964.89,1514.94
253,好点烟具储能电站,CNY,2025-11-22,1964.89,1768.65
253,好点烟具储能电站,CNY,2025-11-21,1964.89,1757.16
253,好点烟具储能电站,CNY,2025-11-20,1964.89,1774.25
253,好点烟具储能电站,CNY,2025-11-19,1964.89,1748.96
253,好点烟具储能电站,CNY,2025-11-18,1964.89,1745.35
253,好点烟具储能电站,CNY,2025-11-17,1964.89,1754.45
253,好点烟具储能电站,CNY,2025-11-16,1964.89,1082.36
253,好点烟具储能电站,CNY,2025-11-15,1964.89,1760.19
253,好点烟具储能电站,CNY,2025-11-14,1964.89,1747.03
253,好点烟具储能电站,CNY,2025-11-13,1964.89,1739.99
253,好点烟具储能电站,CNY,2025-11-12,1964.89,1720.71
253,好点烟具储能电站,CNY,2025-11-11,1964.89,1709.37
253,好点烟具储能电站,CNY,2025-11-10,1964.89,1751.22
253,好点烟具储能电站,CNY,2025-11-09,1964.89,1748.42
253,好点烟具储能电站,CNY,2025-11-08,1964.89,1760.59
253,好点烟具储能电站,CNY,2025-11-07,1964.89,1744.96
253,好点烟具储能电站,CNY,2025-11-06,1964.89,1730.44
253,好点烟具储能电站,CNY,2025-11-05,1964.89,1758.29
253,好点烟具储能电站,CNY,2025-11-04,1964.89,1739.89
253,好点烟具储能电站,CNY,2025-11-03,1964.89,1762.7
253,好点烟具储能电站,CNY,2025-11-02,1964.89,1408.44
253,好点烟具储能电站,CNY,2025-11-01,1964.89,1751.2
253,好点烟具储能电站,CNY,2025-10-31,1839.59,1640.52
253,好点烟具储能电站,CNY,2025-10-30,1839.59,1643.47
253,好点烟具储能电站,CNY,2025-10-29,1839.59,1595.39
253,好点烟具储能电站,CNY,2025-10-28,1839.59,1494.44
253,好点烟具储能电站,CNY,2025-10-27,1839.59,1632.76
253,好点烟具储能电站,CNY,2025-10-26,1839.59,1635.84
253,好点烟具储能电站,CNY,2025-10-25,1839.59,1643.98
253,好点烟具储能电站,CNY,2025-10-24,1839.59,1642.25
253,好点烟具储能电站,CNY,2025-10-23,1839.59,1633.64
253,好点烟具储能电站,CNY,2025-10-22,1839.59,1647.72
253,好点烟具储能电站,CNY,2025-10-21,1839.59,1644.61
253,好点烟具储能电站,CNY,2025-10-20,1839.59,1622.55
253,好点烟具储能电站,CNY,2025-10-19,1839.59,1644.79
253,好点烟具储能电站,CNY,2025-10-18,1839.59,1596.54
253,好点烟具储能电站,CNY,2025-10-17,1839.59,1613.71
253,好点烟具储能电站,CNY,2025-10-16,1839.59,1610.67
253,好点烟具储能电站,CNY,2025-10-15,1839.59,1610.43
253,好点烟具储能电站,CNY,2025-10-14,1839.59,1581.26
253,好点烟具储能电站,CNY,2025-10-13,1839.59,1552.09
253,好点烟具储能电站,CNY,2025-10-12,1839.59,1569.24
253,好点烟具储能电站,CNY,2025-10-11,1839.59,1621.42
253,好点烟具储能电站,CNY,2025-10-10,1839.59,1552.26
253,好点烟具储能电站,CNY,2025-10-09,1839.59,1610.8
253,好点烟具储能电站,CNY,2025-10-08,2015.11,1934.33
253,好点烟具储能电站,CNY,2025-10-07,2015.11,2154.36
253,好点烟具储能电站,CNY,2025-10-06,2015.11,555.04
253,好点烟具储能电站,CNY,2025-10-05,2015.11,447.66
253,好点烟具储能电站,CNY,2025-10-04,2015.11,770.06
253,好点烟具储能电站,CNY,2025-10-03,2015.11,0.04
253,好点烟具储能电站,CNY,2025-10-02,2015.11,-9.68
253,好点烟具储能电站,CNY,2025-10-01,2015.11,-375.74
253,好点烟具储能电站,CNY,2025-09-30,1824.25,1560.48
253,好点烟具储能电站,CNY,2025-09-29,1828.26,1474.52
253,好点烟具储能电站,CNY,2025-09-28,1828.26,1559.58
253,好点烟具储能电站,CNY,2025-09-27,1828.26,1470.36
253,好点烟具储能电站,CNY,2025-09-26,1828.26,1521.04
253,好点烟具储能电站,CNY,2025-09-25,1828.26,1441.12
253,好点烟具储能电站,CNY,2025-09-24,1828.26,1533.39
253,好点烟具储能电站,CNY,2025-09-23,1828.26,1481.58
253,好点烟具储能电站,CNY,2025-09-22,1828.26,1572.65
253,好点烟具储能电站,CNY,2025-09-21,1828.26,1620.26
253,好点烟具储能电站,CNY,2025-09-20,1828.26,1511.98
253,好点烟具储能电站,CNY,2025-09-19,1828.26,1518.84
253,好点烟具储能电站,CNY,2025-09-18,1828.26,1321.69
253,好点烟具储能电站,CNY,2025-09-17,1828.26,1557.12
253,好点烟具储能电站,CNY,2025-09-16,1828.26,1298.6
253,好点烟具储能电站,CNY,2025-09-15,1828.26,1066.82
253,好点烟具储能电站,CNY,2025-09-14,1828.26,1629.46
253,好点烟具储能电站,CNY,2025-09-13,1828.26,1545.06
253,好点烟具储能电站,CNY,2025-09-12,1828.26,1581.95
253,好点烟具储能电站,CNY,2025-09-11,1828.26,1549.74
253,好点烟具储能电站,CNY,2025-09-10,1828.26,1502.81
253,好点烟具储能电站,CNY,2025-09-09,1828.26,1391.61
253,好点烟具储能电站,CNY,2025-09-08,1828.26,1384.77
253,好点烟具储能电站,CNY,2025-09-07,1828.26,1595.8
253,好点烟具储能电站,CNY,2025-09-06,1828.26,1615.84
253,好点烟具储能电站,CNY,2025-09-05,1828.26,1533.39
253,好点烟具储能电站,CNY,2025-09-04,1828.26,1512.52
253,好点烟具储能电站,CNY,2025-09-03,1828.26,1456.76
253,好点烟具储能电站,CNY,2025-09-02,1828.26,1532.35
253,好点烟具储能电站,CNY,2025-09-01,1828.26,1720.84
268,亚太化纤储能电站,CNY,2026-01-13,739.65,1004.09
268,亚太化纤储能电站,CNY,2026-01-12,739.65,924.54
268,亚太化纤储能电站,CNY,2026-01-11,739.65,1004.79
268,亚太化纤储能电站,CNY,2026-01-10,739.65,843.38
268,亚太化纤储能电站,CNY,2026-01-09,739.65,1002.29
268,亚太化纤储能电站,CNY,2026-01-08,739.65,913.75
268,亚太化纤储能电站,CNY,2026-01-07,739.65,998.66
268,亚太化纤储能电站,CNY,2026-01-06,739.65,961.55
268,亚太化纤储能电站,CNY,2026-01-05,739.65,939.27
268,亚太化纤储能电站,CNY,2026-01-04,739.65,1000.19
268,亚太化纤储能电站,CNY,2026-01-03,739.65,916.54
268,亚太化纤储能电站,CNY,2026-01-02,739.65,1003.25
268,亚太化纤储能电站,CNY,2026-01-01,739.65,1003.65
268,亚太化纤储能电站,CNY,2025-12-31,787.82,1030.38
268,亚太化纤储能电站,CNY,2025-12-30,787.82,1065.99
268,亚太化纤储能电站,CNY,2025-12-29,787.82,1017.14
268,亚太化纤储能电站,CNY,2025-12-28,787.82,1056.27
268,亚太化纤储能电站,CNY,2025-12-27,787.82,1045.01
268,亚太化纤储能电站,CNY,2025-12-26,787.82,1060.12
268,亚太化纤储能电站,CNY,2025-12-25,787.82,969.91
268,亚太化纤储能电站,CNY,2025-12-24,787.82,1064.46
268,亚太化纤储能电站,CNY,2025-12-23,787.82,1026.77
268,亚太化纤储能电站,CNY,2025-12-22,787.82,1069
268,亚太化纤储能电站,CNY,2025-12-21,787.82,1067.25
268,亚太化纤储能电站,CNY,2025-12-20,787.82,1053.84
268,亚太化纤储能电站,CNY,2025-12-19,787.82,1058.62
268,亚太化纤储能电站,CNY,2025-12-18,787.82,989.48
268,亚太化纤储能电站,CNY,2025-12-17,787.82,961.86
268,亚太化纤储能电站,CNY,2025-12-16,787.82,1068.84
268,亚太化纤储能电站,CNY,2025-12-15,787.82,1036.56
268,亚太化纤储能电站,CNY,2025-12-14,787.82,1020.2
268,亚太化纤储能电站,CNY,2025-12-13,787.82,1064.19
268,亚太化纤储能电站,CNY,2025-12-12,787.82,975.36
268,亚太化纤储能电站,CNY,2025-12-11,787.82,965.83
268,亚太化纤储能电站,CNY,2025-12-10,787.82,1057.36
268,亚太化纤储能电站,CNY,2025-12-09,787.82,974.25
268,亚太化纤储能电站,CNY,2025-12-08,787.82,1064.65
268,亚太化纤储能电站,CNY,2025-12-07,787.82,772
268,亚太化纤储能电站,CNY,2025-12-06,787.82,915.58
268,亚太化纤储能电站,CNY,2025-12-05,787.82,916.97
268,亚太化纤储能电站,CNY,2025-12-04,787.82,993.17
268,亚太化纤储能电站,CNY,2025-12-03,787.82,907.31
268,亚太化纤储能电站,CNY,2025-12-02,787.82,677.26
268,亚太化纤储能电站,CNY,2025-12-01,787.82,841.32
268,亚太化纤储能电站,CNY,2025-11-30,935.74,788.99
268,亚太化纤储能电站,CNY,2025-11-29,935.74,745.09
268,亚太化纤储能电站,CNY,2025-11-28,935.74,823.56
268,亚太化纤储能电站,CNY,2025-11-27,935.74,758.9
268,亚太化纤储能电站,CNY,2025-11-26,935.74,696.83
268,亚太化纤储能电站,CNY,2025-11-25,935.74,658.44
268,亚太化纤储能电站,CNY,2025-11-24,935.74,891.17
268,亚太化纤储能电站,CNY,2025-11-23,935.74,686.58
268,亚太化纤储能电站,CNY,2025-11-22,935.74,861.95
268,亚太化纤储能电站,CNY,2025-11-21,935.74,700.82
268,亚太化纤储能电站,CNY,2025-11-20,935.74,850.85
268,亚太化纤储能电站,CNY,2025-11-19,935.74,372.03
268,亚太化纤储能电站,CNY,2025-11-18,935.74,388.72
268,亚太化纤储能电站,CNY,2025-11-17,935.74,839.27
268,亚太化纤储能电站,CNY,2025-11-16,935.74,309.67
268,亚太化纤储能电站,CNY,2025-11-15,935.74,350.43
268,亚太化纤储能电站,CNY,2025-11-14,935.74,324.36
268,亚太化纤储能电站,CNY,2025-11-13,935.74,327.75
268,亚太化纤储能电站,CNY,2025-11-12,935.74,518.4
268,亚太化纤储能电站,CNY,2025-11-11,935.74,642.33
268,亚太化纤储能电站,CNY,2025-11-10,935.74,548.05
268,亚太化纤储能电站,CNY,2025-11-09,935.74,606.91
268,亚太化纤储能电站,CNY,2025-11-08,935.74,631.89
268,亚太化纤储能电站,CNY,2025-11-07,935.74,881.13
268,亚太化纤储能电站,CNY,2025-11-06,935.74,679.22
268,亚太化纤储能电站,CNY,2025-11-05,950.45,732.46
268,亚太化纤储能电站,CNY,2025-11-04,950.45,769.85
268,亚太化纤储能电站,CNY,2025-11-03,950.45,803.91
268,亚太化纤储能电站,CNY,2025-11-02,950.45,483.47
268,亚太化纤储能电站,CNY,2025-11-01,950.45,755.53
268,亚太化纤储能电站,CNY,2025-10-31,889.84,659.97
268,亚太化纤储能电站,CNY,2025-10-30,889.84,424.29
268,亚太化纤储能电站,CNY,2025-10-29,889.84,738.86
268,亚太化纤储能电站,CNY,2025-10-28,889.84,459.59
268,亚太化纤储能电站,CNY,2025-10-27,889.84,719.09
268,亚太化纤储能电站,CNY,2025-10-26,889.84,602.96
268,亚太化纤储能电站,CNY,2025-10-25,889.84,824.77
268,亚太化纤储能电站,CNY,2025-10-24,889.84,650.03
268,亚太化纤储能电站,CNY,2025-10-23,889.84,563.62
268,亚太化纤储能电站,CNY,2025-10-22,889.84,474
268,亚太化纤储能电站,CNY,2025-10-21,889.84,825.86
268,亚太化纤储能电站,CNY,2025-10-20,889.84,819.64
268,亚太化纤储能电站,CNY,2025-10-19,889.84,575.36
268,亚太化纤储能电站,CNY,2025-10-18,889.84,828.29
268,亚太化纤储能电站,CNY,2025-10-17,889.84,824.31
268,亚太化纤储能电站,CNY,2025-10-16,889.84,636.6
268,亚太化纤储能电站,CNY,2025-10-15,889.84,576.77
268,亚太化纤储能电站,CNY,2025-10-14,889.84,831.6
268,亚太化纤储能电站,CNY,2025-10-13,889.84,759.61
268,亚太化纤储能电站,CNY,2025-10-12,889.84,798.6
268,亚太化纤储能电站,CNY,2025-10-11,889.84,895.17
268,亚太化纤储能电站,CNY,2025-10-10,577.46,423.42
268,亚太化纤储能电站,CNY,2025-10-09,841.25,816.64
268,亚太化纤储能电站,CNY,2025-10-08,1007.55,971.56
268,亚太化纤储能电站,CNY,2025-10-07,929.01,972.61
268,亚太化纤储能电站,CNY,2025-10-06,1007.55,898.6
268,亚太化纤储能电站,CNY,2025-10-05,1007.55,959.02
268,亚太化纤储能电站,CNY,2025-10-04,1007.55,964.5
268,亚太化纤储能电站,CNY,2025-10-03,1007.55,962.27
268,亚太化纤储能电站,CNY,2025-10-02,1007.55,963.19
268,亚太化纤储能电站,CNY,2025-10-01,1007.55,662.99
268,亚太化纤储能电站,CNY,2025-09-30,820.59,263.42
268,亚太化纤储能电站,CNY,2025-09-29,825.91,531.42
268,亚太化纤储能电站,CNY,2025-09-28,450.24,185.75
268,亚太化纤储能电站,CNY,2025-09-27,268.74,436.94
268,亚太化纤储能电站,CNY,2025-09-26,825.91,356.04
268,亚太化纤储能电站,CNY,2025-09-25,825.91,501.42
268,亚太化纤储能电站,CNY,2025-09-24,825.91,728.54
268,亚太化纤储能电站,CNY,2025-09-23,825.91,738.34
268,亚太化纤储能电站,CNY,2025-09-22,825.91,961.18
268,亚太化纤储能电站,CNY,2025-09-21,825.91,876.61
268,亚太化纤储能电站,CNY,2025-09-20,825.91,803.57
268,亚太化纤储能电站,CNY,2025-09-19,825.91,651.27
268,亚太化纤储能电站,CNY,2025-09-18,825.91,809.94
268,亚太化纤储能电站,CNY,2025-09-17,825.91,513.82
276,柏世嘉储能电站,CNY,2026-01-13,719.32,720.27
276,柏世嘉储能电站,CNY,2026-01-12,719.32,729.94
276,柏世嘉储能电站,CNY,2026-01-11,719.32,671.7
276,柏世嘉储能电站,CNY,2026-01-10,719.32,720.96
276,柏世嘉储能电站,CNY,2026-01-09,719.32,726.81
276,柏世嘉储能电站,CNY,2026-01-08,719.32,725.74
276,柏世嘉储能电站,CNY,2026-01-07,719.32,730.01
276,柏世嘉储能电站,CNY,2026-01-06,719.32,713.57
276,柏世嘉储能电站,CNY,2026-01-05,719.32,486.06
276,柏世嘉储能电站,CNY,2026-01-04,719.32,612.96
276,柏世嘉储能电站,CNY,2026-01-03,719.32,711.12
276,柏世嘉储能电站,CNY,2026-01-02,719.32,720.57
276,柏世嘉储能电站,CNY,2026-01-01,719.32,662.57
276,柏世嘉储能电站,CNY,2025-12-31,772.87,619.38
276,柏世嘉储能电站,CNY,2025-12-30,772.87,701.13
276,柏世嘉储能电站,CNY,2025-12-29,772.87,774.79
276,柏世嘉储能电站,CNY,2025-12-28,772.87,774.36
276,柏世嘉储能电站,CNY,2025-12-27,772.87,785.52
276,柏世嘉储能电站,CNY,2025-12-26,772.87,769.63
276,柏世嘉储能电站,CNY,2025-12-25,772.87,772.68
276,柏世嘉储能电站,CNY,2025-12-24,772.87,546.08
276,柏世嘉储能电站,CNY,2025-12-23,772.87,731.84
276,柏世嘉储能电站,CNY,2025-12-22,772.87,749.27
276,柏世嘉储能电站,CNY,2025-12-21,772.87,637.81
276,柏世嘉储能电站,CNY,2025-12-20,772.87,775.88
276,柏世嘉储能电站,CNY,2025-12-19,772.87,733.14
276,柏世嘉储能电站,CNY,2025-12-18,772.87,785.31
276,柏世嘉储能电站,CNY,2025-12-17,772.87,780.94
276,柏世嘉储能电站,CNY,2025-12-16,772.87,796.68
276,柏世嘉储能电站,CNY,2025-12-15,772.87,793.32
276,柏世嘉储能电站,CNY,2025-12-14,772.87,-13.83
276,柏世嘉储能电站,CNY,2025-12-13,772.87,-9.78
276,柏世嘉储能电站,CNY,2025-12-12,772.87,-6.25
276,柏世嘉储能电站,CNY,2025-12-11,772.87,-1.86
276,柏世嘉储能电站,CNY,2025-12-10,772.87,-1.87
276,柏世嘉储能电站,CNY,2025-12-09,772.87,-18.48
276,柏世嘉储能电站,CNY,2025-12-08,772.87,-97.6
276,柏世嘉储能电站,CNY,2025-12-07,772.87,479.28
276,柏世嘉储能电站,CNY,2025-12-06,772.87,764.8
276,柏世嘉储能电站,CNY,2025-12-05,772.87,752.11
276,柏世嘉储能电站,CNY,2025-12-04,772.87,762.58
276,柏世嘉储能电站,CNY,2025-12-03,772.87,782.64
276,柏世嘉储能电站,CNY,2025-12-02,772.87,670.05
276,柏世嘉储能电站,CNY,2025-12-01,772.87,795.32
276,柏世嘉储能电站,CNY,2025-11-30,663.02,592.64
276,柏世嘉储能电站,CNY,2025-11-29,663.02,594.3
276,柏世嘉储能电站,CNY,2025-11-28,663.02,594.74
276,柏世嘉储能电站,CNY,2025-11-27,663.02,594.01
276,柏世嘉储能电站,CNY,2025-11-26,663.02,592.51
276,柏世嘉储能电站,CNY,2025-11-25,663.02,594.83
276,柏世嘉储能电站,CNY,2025-11-24,663.02,556.56
276,柏世嘉储能电站,CNY,2025-11-23,663.02,593.8
276,柏世嘉储能电站,CNY,2025-11-22,663.02,593.12
276,柏世嘉储能电站,CNY,2025-11-21,642.25,600.94
276,柏世嘉储能电站,CNY,2025-11-20,632.71,904.96
276,柏世嘉储能电站,CNY,2025-11-19,632.71,590.49
276,柏世嘉储能电站,CNY,2025-11-18,632.71,593.99
276,柏世嘉储能电站,CNY,2025-11-17,632.71,462.16
276,柏世嘉储能电站,CNY,2025-11-16,632.71,889.27
276,柏世嘉储能电站,CNY,2025-11-15,632.71,585.22
276,柏世嘉储能电站,CNY,2025-11-14,632.71,592.15
276,柏世嘉储能电站,CNY,2025-11-13,632.71,589.85
276,柏世嘉储能电站,CNY,2025-11-12,632.71,438.97
276,柏世嘉储能电站,CNY,2025-11-11,632.71,502.42
276,柏世嘉储能电站,CNY,2025-11-10,632.71,590.79
276,柏世嘉储能电站,CNY,2025-11-09,632.71,491.7
276,柏世嘉储能电站,CNY,2025-11-08,632.71,589.48
276,柏世嘉储能电站,CNY,2025-11-07,632.71,462.45
276,柏世嘉储能电站,CNY,2025-11-06,408.2,441.5
276,柏世嘉储能电站,CNY,2025-11-05,663.02,434.07
276,柏世嘉储能电站,CNY,2025-11-04,663.02,537.17
276,柏世嘉储能电站,CNY,2025-11-03,663.02,594.66
276,柏世嘉储能电站,CNY,2025-11-02,663.02,592.19
276,柏世嘉储能电站,CNY,2025-11-01,663.02,593.47
276,柏世嘉储能电站,CNY,2025-10-31,615.27,550.81
276,柏世嘉储能电站,CNY,2025-10-30,615.27,528.36
276,柏世嘉储能电站,CNY,2025-10-29,615.27,548.03
276,柏世嘉储能电站,CNY,2025-10-28,615.27,550.88
276,柏世嘉储能电站,CNY,2025-10-27,615.27,551.68
276,柏世嘉储能电站,CNY,2025-10-26,615.27,531.86
276,柏世嘉储能电站,CNY,2025-10-25,615.27,541.04
276,柏世嘉储能电站,CNY,2025-10-24,615.27,549.5
276,柏世嘉储能电站,CNY,2025-10-23,615.27,359.08
276,柏世嘉储能电站,CNY,2025-10-22,391.3,345.49
276,柏世嘉储能电站,CNY,2025-10-21,615.27,543.51
276,柏世嘉储能电站,CNY,2025-10-20,615.27,547.57
276,柏世嘉储能电站,CNY,2025-10-19,615.27,548.65
276,柏世嘉储能电站,CNY,2025-10-18,615.27,416.73
276,柏世嘉储能电站,CNY,2025-10-17,615.27,547.05
276,柏世嘉储能电站,CNY,2025-10-16,615.27,515.95
276,柏世嘉储能电站,CNY,2025-10-15,615.27,535.66
276,柏世嘉储能电站,CNY,2025-10-14,615.27,474.95
276,柏世嘉储能电站,CNY,2025-10-13,615.27,545.78
276,柏世嘉储能电站,CNY,2025-10-12,615.27,546.47
276,柏世嘉储能电站,CNY,2025-10-11,615.27,545.03
276,柏世嘉储能电站,CNY,2025-10-10,615.27,547.59
276,柏世嘉储能电站,CNY,2025-10-09,587.14,448.63
276,柏世嘉储能电站,CNY,2025-10-08,665.74,636.52
276,柏世嘉储能电站,CNY,2025-10-07,583.97,644.97
276,柏世嘉储能电站,CNY,2025-10-06,665.74,627.68
276,柏世嘉储能电站,CNY,2025-10-05,665.74,621.22
276,柏世嘉储能电站,CNY,2025-10-04,665.74,646.29
276,柏世嘉储能电站,CNY,2025-10-03,665.74,549.71
276,柏世嘉储能电站,CNY,2025-10-02,552.72,-1.87
276,柏世嘉储能电站,CNY,2025-10-01,552.72,-132.88
276,柏世嘉储能电站,CNY,2025-09-30,609.7,306.03
282,台州美豪科技储能电站,CNY,2026-01-13,298.29,269.52
282,台州美豪科技储能电站,CNY,2026-01-12,298.29,246.86
282,台州美豪科技储能电站,CNY,2026-01-11,298.29,250.81
282,台州美豪科技储能电站,CNY,2026-01-10,298.29,259.61
282,台州美豪科技储能电站,CNY,2026-01-09,298.29,248.36
282,台州美豪科技储能电站,CNY,2026-01-08,298.29,241.39
282,台州美豪科技储能电站,CNY,2026-01-07,298.29,248.62
282,台州美豪科技储能电站,CNY,2026-01-06,298.29,236.62
282,台州美豪科技储能电站,CNY,2026-01-05,298.29,237.93
282,台州美豪科技储能电站,CNY,2026-01-04,298.29,230.99
282,台州美豪科技储能电站,CNY,2026-01-03,298.29,254.79
282,台州美豪科技储能电站,CNY,2026-01-02,298.29,288.59
282,台州美豪科技储能电站,CNY,2026-01-01,298.29,-41.91
282,台州美豪科技储能电站,CNY,2025-12-31,320.49,298.76
282,台州美豪科技储能电站,CNY,2025-12-30,320.49,272.64
282,台州美豪科技储能电站,CNY,2025-12-29,320.49,260.57
282,台州美豪科技储能电站,CNY,2025-12-28,320.49,265.49
282,台州美豪科技储能电站,CNY,2025-12-27,320.49,282.07
282,台州美豪科技储能电站,CNY,2025-12-26,320.49,274.56
282,台州美豪科技储能电站,CNY,2025-12-25,320.49,238.87
282,台州美豪科技储能电站,CNY,2025-12-24,320.49,258.85
282,台州美豪科技储能电站,CNY,2025-12-23,320.49,262.67
282,台州美豪科技储能电站,CNY,2025-12-22,320.49,286.99
282,台州美豪科技储能电站,CNY,2025-12-21,320.49,266.31
282,台州美豪科技储能电站,CNY,2025-12-20,320.49,292
282,台州美豪科技储能电站,CNY,2025-12-19,320.49,268.85
282,台州美豪科技储能电站,CNY,2025-12-18,320.49,273.65
282,台州美豪科技储能电站,CNY,2025-12-17,320.49,293.55
282,台州美豪科技储能电站,CNY,2025-12-16,320.49,286.06
282,台州美豪科技储能电站,CNY,2025-12-15,320.49,270.16
282,台州美豪科技储能电站,CNY,2025-12-14,320.49,280.56
282,台州美豪科技储能电站,CNY,2025-12-13,320.49,271.71
282,台州美豪科技储能电站,CNY,2025-12-12,320.49,296.96
282,台州美豪科技储能电站,CNY,2025-12-11,320.49,286.14
282,台州美豪科技储能电站,CNY,2025-12-10,320.49,283.06
282,台州美豪科技储能电站,CNY,2025-12-09,320.49,316.37
282,台州美豪科技储能电站,CNY,2025-12-08,320.49,328.83
282,台州美豪科技储能电站,CNY,2025-12-07,320.49,-0.93
282,台州美豪科技储能电站,CNY,2025-12-06,320.49,-2.86
282,台州美豪科技储能电站,CNY,2025-12-05,320.49,16.04
282,台州美豪科技储能电站,CNY,2025-12-04,320.49,30.9
282,台州美豪科技储能电站,CNY,2025-12-03,320.49,-10.72
282,台州美豪科技储能电站,CNY,2025-12-02,320.49,251.65
282,台州美豪科技储能电站,CNY,2025-12-01,373.14,239.46
282,台州美豪科技储能电站,CNY,2025-11-30,265.84,217.58
282,台州美豪科技储能电站,CNY,2025-11-29,265.84,211.05
282,台州美豪科技储能电站,CNY,2025-11-28,97.46,183.82
282,台州美豪科技储能电站,CNY,2025-11-27,265.84,219.73
282,台州美豪科技储能电站,CNY,2025-11-26,265.84,201.4
282,台州美豪科技储能电站,CNY,2025-11-25,265.84,244.15
282,台州美豪科技储能电站,CNY,2025-11-24,265.84,206.31
282,台州美豪科技储能电站,CNY,2025-11-23,265.84,222.66
282,台州美豪科技储能电站,CNY,2025-11-22,265.84,211.64
282,台州美豪科技储能电站,CNY,2025-11-21,265.84,238.18
282,台州美豪科技储能电站,CNY,2025-11-20,265.84,226.38
282,台州美豪科技储能电站,CNY,2025-11-19,265.84,217.07
282,台州美豪科技储能电站,CNY,2025-11-18,265.84,272.24
282,台州美豪科技储能电站,CNY,2025-11-17,158.69,-43.37
282,台州美豪科技储能电站,CNY,2025-11-16,265.84,249.54
282,台州美豪科技储能电站,CNY,2025-11-15,265.84,107.59
282,台州美豪科技储能电站,CNY,2025-11-14,265.84,181.17
282,台州美豪科技储能电站,CNY,2025-11-13,265.84,221.8
282,台州美豪科技储能电站,CNY,2025-11-12,265.84,215.69
282,台州美豪科技储能电站,CNY,2025-11-11,265.84,275.86
282,台州美豪科技储能电站,CNY,2025-11-10,265.84,-0.84
282,台州美豪科技储能电站,CNY,2025-11-09,265.84,-67.61
282,台州美豪科技储能电站,CNY,2025-11-08,265.84,219.66
282,台州美豪科技储能电站,CNY,2025-11-07,265.84,213.71
282,台州美豪科技储能电站,CNY,2025-11-06,265.84,198.19
282,台州美豪科技储能电站,CNY,2025-11-05,282.68,186.56
282,台州美豪科技储能电站,CNY,2025-11-04,282.68,191.77
282,台州美豪科技储能电站,CNY,2025-11-03,299.52,195.88
282,台州美豪科技储能电站,CNY,2025-11-02,299.52,203.06
282,台州美豪科技储能电站,CNY,2025-11-01,299.52,207.18
282,台州美豪科技储能电站,CNY,2025-10-31,277.94,183.56
282,台州美豪科技储能电站,CNY,2025-10-30,277.94,197.69
282,台州美豪科技储能电站,CNY,2025-10-29,277.94,172.33
282,台州美豪科技储能电站,CNY,2025-10-28,303.21,52.55
283,辉旺机械储能电站,CNY,2026-01-13,1798.31,1871.09
283,辉旺机械储能电站,CNY,2026-01-12,1798.31,1869.07
283,辉旺机械储能电站,CNY,2026-01-11,1798.31,1865.43
283,辉旺机械储能电站,CNY,2026-01-10,1798.31,1871.67
283,辉旺机械储能电站,CNY,2026-01-09,1798.31,1869.2
283,辉旺机械储能电站,CNY,2026-01-08,1798.31,1864.98
283,辉旺机械储能电站,CNY,2026-01-07,1798.31,1869.19
283,辉旺机械储能电站,CNY,2026-01-06,1798.31,1862.69
283,辉旺机械储能电站,CNY,2026-01-05,1798.31,1855.71
283,辉旺机械储能电站,CNY,2026-01-04,1798.31,1864.68
283,辉旺机械储能电站,CNY,2026-01-03,1798.31,1868.52
283,辉旺机械储能电站,CNY,2026-01-02,1798.31,1880.63
283,辉旺机械储能电站,CNY,2026-01-01,1798.31,830.74
283,辉旺机械储能电站,CNY,2025-12-31,1932.16,932.01
283,辉旺机械储能电站,CNY,2025-12-30,1932.16,2009.01
283,辉旺机械储能电站,CNY,2025-12-29,1932.16,2008.38
283,辉旺机械储能电站,CNY,2025-12-28,1932.16,2007.47
283,辉旺机械储能电站,CNY,2025-12-27,1932.16,1988.74
283,辉旺机械储能电站,CNY,2025-12-26,1932.16,2005.99
283,辉旺机械储能电站,CNY,2025-12-25,1932.16,1977.12
283,辉旺机械储能电站,CNY,2025-12-24,1932.16,1854.35
283,辉旺机械储能电站,CNY,2025-12-23,1932.16,1994.21
283,辉旺机械储能电站,CNY,2025-12-22,1932.16,1990.75
283,辉旺机械储能电站,CNY,2025-12-21,1932.16,1963.4
283,辉旺机械储能电站,CNY,2025-12-20,1932.16,2002.17
283,辉旺机械储能电站,CNY,2025-12-19,1932.16,2001.18
283,辉旺机械储能电站,CNY,2025-12-18,1932.16,2001.21
283,辉旺机械储能电站,CNY,2025-12-17,1932.16,2008.19
283,辉旺机械储能电站,CNY,2025-12-16,1932.16,2002.29
283,辉旺机械储能电站,CNY,2025-12-15,1932.16,2012.63
283,辉旺机械储能电站,CNY,2025-12-14,1932.16,1575.78
283,辉旺机械储能电站,CNY,2025-12-13,1932.16,1969.45
283,辉旺机械储能电站,CNY,2025-12-12,1932.16,1975.82
283,辉旺机械储能电站,CNY,2025-12-11,1932.16,2004.33
283,辉旺机械储能电站,CNY,2025-12-10,1932.16,1991.13
283,辉旺机械储能电站,CNY,2025-12-09,1932.16,2005.16
283,辉旺机械储能电站,CNY,2025-12-08,1932.16,2001.66
283,辉旺机械储能电站,CNY,2025-12-07,1932.16,2001.84
283,辉旺机械储能电站,CNY,2025-12-06,1932.16,2007.11
283,辉旺机械储能电站,CNY,2025-12-05,2131.59,1740.16
283,辉旺机械储能电站,CNY,2025-12-04,1932.16,2006.32
283,辉旺机械储能电站,CNY,2025-12-03,1932.16,1892.2
283,辉旺机械储能电站,CNY,2025-12-02,1932.16,1856.42
283,辉旺机械储能电站,CNY,2025-12-01,1932.16,1990.99
283,辉旺机械储能电站,CNY,2025-11-30,1633.7,1496.2
283,辉旺机械储能电站,CNY,2025-11-29,1633.7,1497.33
283,辉旺机械储能电站,CNY,2025-11-28,1633.7,1498.26
283,辉旺机械储能电站,CNY,2025-11-27,1633.7,1494.04
283,辉旺机械储能电站,CNY,2025-11-26,1633.7,1503.11
283,辉旺机械储能电站,CNY,2025-11-25,1633.7,1497.02
283,辉旺机械储能电站,CNY,2025-11-24,1633.7,1447.71
283,辉旺机械储能电站,CNY,2025-11-23,1633.7,1496.83
283,辉旺机械储能电站,CNY,2025-11-22,1633.7,1435.79
283,辉旺机械储能电站,CNY,2025-11-21,1633.7,1436.88
283,辉旺机械储能电站,CNY,2025-11-20,1633.7,292.98
287,广东惠州力王800kW/1720kWh储能电站,CNY,2026-01-03,1550.36,1251.19
287,广东惠州力王800kW/1720kWh储能电站,CNY,2026-01-02,1550.36,1560.02
287,广东惠州力王800kW/1720kWh储能电站,CNY,2026-01-01,1550.36,-281.69
287,广东惠州力王800kW/1720kWh储能电站,CNY,2025-12-31,2048.75,882.4
287,广东惠州力王800kW/1720kWh储能电站,CNY,2025-12-30,2048.75,1050.42
287,广东惠州力王800kW/1720kWh储能电站,CNY,2025-12-29,2048.75,1830.32
287,广东惠州力王800kW/1720kWh储能电站,CNY,2025-12-28,1772.23,1242.28
287,广东惠州力王800kW/1720kWh储能电站,CNY,2025-12-27,1772.23,1641.75
287,广东惠州力王800kW/1720kWh储能电站,CNY,2025-12-26,1772.23,976.74
287,广东惠州力王800kW/1720kWh储能电站,CNY,2025-12-25,1772.23,1638.57
287,广东惠州力王800kW/1720kWh储能电站,CNY,2025-12-24,1772.23,1626.29
287,广东惠州力王800kW/1720kWh储能电站,CNY,2025-12-23,1772.23,1630.55
287,广东惠州力王800kW/1720kWh储能电站,CNY,2025-12-22,2360.25,1522.77
287,广东惠州力王800kW/1720kWh储能电站,CNY,2025-12-21,2048.75,713.93
287,广东惠州力王800kW/1720kWh储能电站,CNY,2025-12-20,2048.75,1797.6
287,广东惠州力王800kW/1720kWh储能电站,CNY,2025-12-19,2048.75,1881.09
287,广东惠州力王800kW/1720kWh储能电站,CNY,2025-12-18,2048.75,1684.01
287,广东惠州力王800kW/1720kWh储能电站,CNY,2025-12-17,2048.75,1862.75
287,广东惠州力王800kW/1720kWh储能电站,CNY,2025-12-16,2048.75,1861.2
287,广东惠州力王800kW/1720kWh储能电站,CNY,2025-12-15,2048.75,1950.09
287,广东惠州力王800kW/1720kWh储能电站,CNY,2025-12-14,2048.75,1184.81
287,广东惠州力王800kW/1720kWh储能电站,CNY,2025-12-13,2048.75,1859.23
287,广东惠州力王800kW/1720kWh储能电站,CNY,2025-12-12,2048.75,1862.03
287,广东惠州力王800kW/1720kWh储能电站,CNY,2025-12-11,2048.75,1854.79
287,广东惠州力王800kW/1720kWh储能电站,CNY,2025-12-10,2048.75,1860.9
287,广东惠州力王800kW/1720kWh储能电站,CNY,2025-12-09,2048.75,1859.77
287,广东惠州力王800kW/1720kWh储能电站,CNY,2025-12-08,2048.75,1872.72
287,广东惠州力王800kW/1720kWh储能电站,CNY,2025-12-07,2048.75,1613.9
287,广东惠州力王800kW/1720kWh储能电站,CNY,2025-12-06,2048.75,1765.67
287,广东惠州力王800kW/1720kWh储能电站,CNY,2025-12-05,2048.75,1851.5
287,广东惠州力王800kW/1720kWh储能电站,CNY,2025-12-04,2086.92,1793.34
287,广东惠州力王800kW/1720kWh储能电站,CNY,2025-12-03,3146.47,447.83
