"告警发生日期","电站id","告警id","告警设备","告警名称","告警开始时间","告警结束时间"
"2026-01-01","205","712c3ca3-53e9-4973-85c3-4036b74c4cd4","lc","LC采集通讯丢失","1/1/2026 19:45:48","1/1/2026 19:45:56"
"2026-01-01","205","e626e587-f1e7-42bc-8fc0-482f8b91f1d9","lc","LC采集通讯丢失","1/1/2026 19:45:49","1/1/2026 19:45:54"
"2026-01-01","205","d11b61b1-33ab-44df-9939-a4c32f828a93","lc","LC采集通讯丢失","1/1/2026 19:45:49","1/1/2026 19:45:55"
"2026-01-01","205","5dff70d1-a7a6-4c82-a56a-cac16c285212","lc","LC控制通信丢失","1/1/2026 21:57:33","1/1/2026 21:57:38"
"2026-01-01","205","3eeadbe4-f682-458a-ac21-ce25708aa61f","lc","LC采集通讯丢失","1/1/2026 21:57:32","1/1/2026 21:57:39"
"2026-01-01","205","3611a165-a492-4d7e-8446-906c7c00bea0","lc","LC采集通讯丢失","1/1/2026 21:57:33","1/1/2026 21:57:41"
"2026-01-01","205","36cf41b7-4e23-452c-8d02-b4db60f92e19","lc","LC控制通信丢失","1/1/2026 21:57:33","1/1/2026 21:57:40"
"2026-01-01","205","6f48d596-26f1-4371-91f8-fd91b2c9a317","lc","LC控制通信丢失","1/1/2026 21:57:33","1/1/2026 21:57:42"
"2026-01-01","205","cfb8a7ca-261e-4a06-93ee-214180aa3e85","lc","LC采集通讯丢失","1/1/2026 21:57:33","1/1/2026 21:57:43"
"2026-01-01","205","74f4246c-31ff-447c-a741-c1cfee4d97e9","lc","LC控制通信丢失","1/1/2026 21:57:33","1/1/2026 21:57:44"
"2026-01-01","205","0fe1122a-7389-40ae-b5d2-6b15e3f2cfe3","lc","LC采集通讯丢失","1/1/2026 21:57:47","1/1/2026 21:57:51"
"2026-01-01","205","811bb8bc-8b5a-43b4-a418-3246ae92160d","lc","LC采集通讯丢失","1/1/2026 22:04:04","1/1/2026 22:04:09"
"2026-01-01","205","ec991809-c2b0-4e28-b282-6dfd7885b608","lc","LC采集通讯丢失","1/1/2026 22:04:12","1/1/2026 22:04:19"
"2026-01-01","205","e6e11385-09bd-40bc-ae8f-60f9681e2d51","lc","LC控制通信丢失","1/1/2026 22:03:02","1/1/2026 22:03:17"
"2026-01-01","276","8020aff1-36ad-4ab3-b15c-f300a3221228","pcs","辅助电源故障1","1/1/2026 23:49:32","1/1/2026 23:49:44"
"2026-01-01","276","4bd00f33-6eaf-42d5-baee-9b36e0bc3639","pcs","辅助电源故障1","1/1/2026 23:49:34","1/1/2026 23:49:43"
"2026-01-01","276","dabecc45-66a8-44e6-8152-c9d4d0c0fbfa","pcs","交流母线欠压","1/1/2026 23:49:36","1/1/2026 23:49:44"
"2026-01-01","276","8d5f827d-a336-4573-95b5-eb52cad1e0f5","pcs","交流母线欠频","1/1/2026 23:49:35","1/1/2026 23:49:42"
"2026-01-01","276","ce493148-bed1-44e1-b679-02dfca4aeca7","pcs","交流母线欠压","1/1/2026 23:49:34","1/1/2026 23:49:42"
"2026-01-01","276","04a04bbc-1bb4-4072-81c6-023548d37106","pcs","交流母线欠频","1/1/2026 23:49:37","1/1/2026 23:49:44"
"2026-01-01","276","1895d386-6afc-42b4-83ce-d568f8c6fbf7","meter","变压器侧电表通讯丢失","1/1/2026 23:49:39","1/1/2026 23:52:51"
"2026-01-01","276","09842918-796c-47bc-a65a-3d03450d1213","pcs","DSP参数设置不匹配","1/1/2026 23:49:40","1/1/2026 23:50:17"
"2026-01-01","276","99a7c303-adac-484d-b10a-e471309728a1","pcs","DSP参数设置不匹配","1/1/2026 23:49:44","1/1/2026 23:50:18"
"2026-01-01","276","b57744bb-85df-4b23-b3b0-bca46bbbc4d1","ac","空调通讯丢失","1/1/2026 23:49:53","1/1/2026 23:52:48"
"2026-01-01","276","08b186e5-635d-438f-b2b2-9796340bbd40","pcs","交流母线欠压","1/1/2026 23:49:57","1/1/2026 23:53:22"
"2026-01-01","276","9005621b-d38e-4016-bbff-c6fade8aba68","pcs","交流母线欠压","1/1/2026 23:49:55","1/1/2026 23:53:22"
"2026-01-01","276","ef769a2b-e9fe-4088-b71e-efe43bda5bcb","ac","空调通讯丢失","1/1/2026 23:49:51","1/1/2026 23:52:47"
"2026-01-01","276","f5952d15-2a02-46f3-88e1-36b356702b0a","pcs","交流母线欠频","1/1/2026 23:50:04","1/1/2026 23:53:26"
"2026-01-01","276","ce0af005-e261-4bae-887a-38e67e543c08","pcs","交流母线欠频","1/1/2026 23:50:03","1/1/2026 23:53:26"
"2026-01-02","245","eac48bf0-f986-4305-988a-4e7a4fc8aa73","lc","LC采集通讯丢失","2/1/2026 03:50:08","2/1/2026 03:50:11"
"2026-01-02","245","456814ea-2882-4d69-a38b-c04673dd52c8","lc","LC采集通讯丢失","2/1/2026 03:50:11","2/1/2026 03:50:14"
"2026-01-02","205","ac23318f-65c9-448d-a5f2-c9ac7d38464a","lc","LC采集通讯丢失","2/1/2026 16:51:41","2/1/2026 16:51:47"
"2026-01-02","205","65016424-b96b-4c87-8218-99e3540bee66","lc","LC采集通讯丢失","2/1/2026 16:51:41","2/1/2026 16:51:48"
"2026-01-02","205","63688481-d75b-4767-8288-1731aba11bdf","lc","LC采集通讯丢失","2/1/2026 16:51:41","2/1/2026 16:51:49"
"2026-01-02","205","904e9ed5-9b1a-4e1f-a84b-d162338affbe","lc","LC控制通信丢失","2/1/2026 16:51:42","2/1/2026 16:51:51"
"2026-01-02","205","f6be838b-15ec-4fc6-91aa-b14a6d45f10d","lc","LC控制通信丢失","2/1/2026 16:51:42","2/1/2026 16:51:50"
"2026-01-02","205","56d502ba-332e-460c-bdba-d43e83f9df91","lc","LC采集通讯丢失","2/1/2026 16:51:54","2/1/2026 16:51:58"
"2026-01-02","205","475015f5-5f78-4db2-9107-dbd3b47f78fa","lc","LC采集通讯丢失","2/1/2026 16:52:03","2/1/2026 16:52:17"
"2026-01-02","205","27187a8d-be7f-413a-a08c-538145863d08","lc","LC采集通讯丢失","2/1/2026 16:52:22","2/1/2026 16:52:27"
"2026-01-02","205","b3a7b9cd-ba9a-4c9a-8620-c2c9b501ecdb","lc","LC控制通信丢失","2/1/2026 17:58:56","2/1/2026 17:59:01"
"2026-01-02","205","5497b423-0bc1-46aa-b68b-f802306141e7","lc","LC采集通讯丢失","2/1/2026 17:58:56","2/1/2026 17:59:02"
"2026-01-02","205","a9d3a271-4e2b-4941-93ee-7d13f7655d4f","lc","LC采集通讯丢失","2/1/2026 17:58:56","2/1/2026 17:59:05"
"2026-01-02","205","30c0672e-5dbb-411f-bd9e-2d89a2c7a0c3","lc","LC采集通讯丢失","2/1/2026 17:58:56","2/1/2026 17:59:07"
"2026-01-02","205","f7202ebf-b6f5-4e58-bc64-dc63e2aca68a","lc","LC采集通讯丢失","2/1/2026 17:58:56","2/1/2026 17:59:03"
"2026-01-02","205","2fb44682-4643-490b-bdf4-5a680836c9df","lc","LC控制通信丢失","2/1/2026 17:58:57","2/1/2026 17:59:04"
"2026-01-02","205","2eabb0a1-0d33-4ed5-b66b-65b8f5964509","lc","LC控制通信丢失","2/1/2026 17:58:57","2/1/2026 17:59:06"
"2026-01-02","205","b48d5d46-3559-44d7-a9f4-914c4633e990","lc","LC控制通信丢失","2/1/2026 17:58:57","2/1/2026 17:59:08"
"2026-01-02","205","ca752977-e3a1-46e4-b343-28383583d5d7","lc","LC采集通讯丢失","2/1/2026 17:59:09","2/1/2026 17:59:15"
"2026-01-02","205","162c009d-b649-4ee9-8611-718cbc78d7ab","lc","LC采集通讯丢失","2/1/2026 17:59:11","2/1/2026 17:59:22"
"2026-01-02","205","3070cbdc-5a9b-44d9-90f8-4ecbcd7abd45","lc","LC采集通讯丢失","2/1/2026 18:13:45","2/1/2026 18:13:52"
"2026-01-02","205","722bd94c-9f00-41f1-9e16-849cce3ccdb3","lc","LC控制通信丢失","2/1/2026 18:13:45","2/1/2026 18:13:53"
"2026-01-02","205","d438651c-b0da-4ec1-8a21-bb6674e86752","lc","LC采集通讯丢失","2/1/2026 18:13:45","2/1/2026 18:13:56"
"2026-01-02","205","e71096b8-7259-4a6f-91a0-f3201110baa4","lc","LC采集通讯丢失","2/1/2026 18:13:45","2/1/2026 18:13:58"
"2026-01-02","205","b3339922-b02e-456a-984e-6ae4e07aa6b8","lc","LC控制通信丢失","2/1/2026 18:13:45","2/1/2026 18:13:55"
"2026-01-02","205","d70cde3d-a5eb-4778-b866-6ca957af8a8b","lc","LC采集通讯丢失","2/1/2026 18:13:45","2/1/2026 18:13:54"
"2026-01-02","205","bcd8d7dc-d409-4ea8-a5c3-00d6d367d8a0","lc","LC控制通信丢失","2/1/2026 18:13:45","2/1/2026 18:13:57"
"2026-01-02","205","8297f6b8-c326-4fac-b38d-5d9aff46ee88","lc","LC控制通信丢失","2/1/2026 18:13:46","2/1/2026 18:13:59"
"2026-01-02","205","851b9cc4-dabf-4138-b40a-9397d414fdb5","lc","LC采集通讯丢失","2/1/2026 18:14:01","2/1/2026 18:14:18"
"2026-01-02","205","cc920c87-d3f5-453d-87cd-146bf9d910e8","lc","LC采集通讯丢失","2/1/2026 18:14:03","2/1/2026 18:14:09"
"2026-01-02","205","8869c65c-516e-4e93-a2ca-e950b60b8470","lc","LC采集通讯丢失","2/1/2026 18:17:45","2/1/2026 18:17:50"
"2026-01-02","205","743bcaaa-20cb-40e8-8d13-a60a26c0bd78","lc","LC控制通信丢失","2/1/2026 18:17:45","2/1/2026 18:17:51"
"2026-01-02","205","4e8dd3e7-1e99-461e-a533-130909e4d4e7","lc","LC采集通讯丢失","2/1/2026 18:17:44","2/1/2026 18:17:54"
"2026-01-02","205","e9dfafb9-5459-4a4b-a287-5a57d485eee9","lc","LC采集通讯丢失","2/1/2026 18:17:45","2/1/2026 18:17:56"
"2026-01-02","205","b3cb54d3-91fb-4d52-8a7f-8a833cb1a1a8","lc","LC采集通讯丢失","2/1/2026 18:17:45","2/1/2026 18:17:52"
"2026-01-02","205","a3ebec79-1f32-4905-a9af-3e81df8e9122","lc","LC控制通信丢失","2/1/2026 18:17:45","2/1/2026 18:17:53"
"2026-01-02","205","8a7f6e13-40ec-4e6a-9bbc-464426a105dd","lc","LC控制通信丢失","2/1/2026 18:17:45","2/1/2026 18:17:55"
"2026-01-02","205","4807771f-0d91-4195-8592-780d2c3d9bc9","lc","LC控制通信丢失","2/1/2026 18:17:45","2/1/2026 18:17:57"
"2026-01-02","205","b145ac1b-4b77-4524-958f-5b493c7d9876","lc","LC采集通讯丢失","2/1/2026 18:18:00","2/1/2026 18:18:04"
"2026-01-02","205","30abf101-9203-4e83-86a4-b919045f7beb","lc","LC采集通讯丢失","2/1/2026 18:36:05","2/1/2026 18:36:09"
"2026-01-02","205","b533400a-b697-414f-877e-cae673727d72","lc","LC采集通讯丢失","2/1/2026 18:36:05","2/1/2026 18:36:18"
"2026-01-02","205","77390524-ed3d-4b66-9104-84a9d3945217","lc","LC控制通信丢失","2/1/2026 18:36:05","2/1/2026 18:36:10"
"2026-01-02","205","645a113b-0bf0-4cc1-ba28-d7dd1c2cf9d3","lc","LC采集通讯丢失","2/1/2026 18:36:05","2/1/2026 18:36:11"
"2026-01-02","205","ee594dec-88d3-49b7-9913-dab9ebc8f84d","lc","LC控制通信丢失","2/1/2026 18:36:06","2/1/2026 18:36:12"
"2026-01-02","205","69a4bf12-2431-451b-a929-1023af16b5dd","lc","LC控制通信丢失","2/1/2026 18:36:06","2/1/2026 18:36:13"
"2026-01-02","205","bcf3ee56-707a-49ec-9bd8-badbc7ad9f14","lc","LC采集通讯丢失","2/1/2026 18:36:05","2/1/2026 18:36:19"
"2026-01-02","205","e3721f16-5969-4044-bf9c-fe7fb7c6bd07","lc","LC控制通信丢失","2/1/2026 18:36:06","2/1/2026 18:36:14"
"2026-01-02","205","778e8c85-134e-4421-aa6c-4bb23296d39d","lc","LC采集通讯丢失","2/1/2026 18:36:14","2/1/2026 18:36:26"
"2026-01-02","205","eff1316a-19b9-4bd0-8019-222e62fe58c3","lc","LC控制通信丢失","2/1/2026 19:01:13","2/1/2026 19:01:18"
"2026-01-02","205","44663bda-1c58-4f91-ab76-b6d63e90ec5f","lc","LC控制通信丢失","2/1/2026 19:01:13","2/1/2026 19:01:20"
"2026-01-02","205","a4fa2fa5-f4bf-42a1-97b6-9b383dd76d30","lc","LC控制通信丢失","2/1/2026 19:01:13","2/1/2026 19:01:21"
"2026-01-02","205","282e34d3-5a7d-41b9-9bf9-d03f9312e7d0","lc","LC采集通讯丢失","2/1/2026 19:01:13","2/1/2026 19:01:19"
"2026-01-02","205","c49f8931-7cf6-407a-8f4e-75a9dbf9755c","lc","LC采集通讯丢失","2/1/2026 19:01:13","2/1/2026 19:01:22"
"2026-01-02","205","14f32596-3ca0-4f00-9f56-6ff29b70ddfa","lc","LC控制通信丢失","2/1/2026 19:01:13","2/1/2026 19:01:24"
"2026-01-02","205","33ea57db-a7a4-4576-b6f7-120d8d2989b2","lc","LC采集通讯丢失","2/1/2026 19:01:13","2/1/2026 19:01:23"
"2026-01-02","205","cf6a1287-7d2d-4878-917c-13222f4cf27a","lc","LC采集通讯丢失","2/1/2026 19:22:10","2/1/2026 19:22:25"
"2026-01-02","205","3289107b-922c-4754-a0a3-3dd0257e4cc1","lc","LC控制通信丢失","2/1/2026 19:22:10","2/1/2026 19:22:30"
"2026-01-02","205","60bd0779-b204-427e-83be-98fc64849c5f","lc","LC控制通信丢失","2/1/2026 19:22:11","2/1/2026 19:22:29"
"2026-01-02","205","5bf67c74-cbd5-4a72-b863-bff5bd6e3e0f","lc","LC采集通讯丢失","2/1/2026 19:22:10","2/1/2026 19:22:31"
"2026-01-02","205","0893f162-c72f-403d-8066-cee8dd0e8829","lc","LC采集通讯丢失","2/1/2026 19:22:11","2/1/2026 19:22:32"
"2026-01-02","205","1aca4b50-1beb-4068-be62-bc7faf3b1065","lc","LC采集通讯丢失","2/1/2026 19:22:11","2/1/2026 19:22:34"
"2026-01-02","205","7ccc531f-01f3-4d9e-9858-70eb9e4b2d90","lc","LC控制通信丢失","2/1/2026 19:22:11","2/1/2026 19:22:33"
"2026-01-02","205","564b59f0-7f74-4510-af57-e280ce6e91b0","lc","LC控制通信丢失","2/1/2026 19:22:11","2/1/2026 19:22:35"
"2026-01-02","205","289c0fa1-2d5b-4c7b-8e1d-851661f627da","lc","LC采集通讯丢失","2/1/2026 19:22:38","2/1/2026 19:22:42"
"2026-01-02","205","770a8b26-edd0-4bf3-89a9-cd73c0acd596","lc","LC采集通讯丢失","2/1/2026 19:40:16","2/1/2026 19:40:20"
"2026-01-02","205","f1d2a382-7991-44be-bca8-de813d35f1f4","lc","LC采集通讯丢失","2/1/2026 19:40:17","2/1/2026 19:40:21"
"2026-01-02","205","103c39af-3c27-4514-baed-11cc9a67730e","lc","LC采集通讯丢失","2/1/2026 19:40:17","2/1/2026 19:40:22"
"2026-01-03","205","1e22eb41-60bd-4719-98ef-2aa9eb587658","lc","LC采集通讯丢失","3/1/2026 01:02:41","3/1/2026 01:02:45"
"2026-01-03","205","6b7cab88-61ff-4b4e-ab50-bdaf96dee768","lc","LC采集通讯丢失","3/1/2026 01:02:41","3/1/2026 01:02:46"
"2026-01-03","205","9286dce2-2e90-45b3-9bde-9c276f18de67","lc","LC采集通讯丢失","3/1/2026 01:02:41","3/1/2026 01:02:47"
"2026-01-03","205","570820b4-69f4-48a6-918a-a7c5bb5dc18a","lc","LC采集通讯丢失","3/1/2026 01:02:41","3/1/2026 01:02:48"
"2026-01-03","238","1c6349f5-9bbf-465f-9ef6-129e9c855d89","pcs","直流输入电控开关开路","3/1/2026 05:46:38","4/1/2026 06:11:31"
"2026-01-03","205","d9e06b2a-8d2c-48bc-b987-a403c2bd302c","lc","LC采集通讯丢失","3/1/2026 21:37:48","3/1/2026 21:37:52"
"2026-01-03","205","54bd3e04-8c42-4a34-bc6e-f6634e3d2d7e","lc","LC采集通讯丢失","3/1/2026 21:37:48","3/1/2026 21:37:53"
"2026-01-03","205","1f1b4fff-3e91-4aa1-a994-543e3b59f679","lc","LC采集通讯丢失","3/1/2026 21:37:49","3/1/2026 21:37:54"
"2026-01-04","238","deb1ec53-8aa1-4cf8-8286-540a0432731e","pcs","紧急停机","4/1/2026 06:09:30","4/1/2026 06:11:31"
"2026-01-04","238","26ef96ff-e8df-4564-9ab9-ab3ac290c08d","lc","QF2（电池簇）反馈","4/1/2026 06:09:31","4/1/2026 06:11:31"
"2026-01-04","238","9e668171-2261-4b23-b1ea-ec30be4bbd3d","lc","LC控制通信丢失","4/1/2026 06:09:41","4/1/2026 06:10:57"
"2026-01-04","238","6bc09ff6-7f01-4522-887b-45ea85b818b1","lc","LC控制通信丢失","4/1/2026 06:09:41","4/1/2026 06:10:00"
"2026-01-04","238","c1ee52ed-abd4-44d6-8443-2e9db1692841","lc","LC控制通信丢失","4/1/2026 06:09:41","4/1/2026 06:10:01"
"2026-01-04","238","709fa4a5-1b64-421f-a0f8-2c4261f5b124","lc","LC控制通信丢失","4/1/2026 06:09:41","4/1/2026 06:10:02"
"2026-01-04","238","1ec00278-2442-4cf8-ada3-910d283c5b55","lc","LC控制通信丢失","4/1/2026 06:09:55","4/1/2026 06:09:59"
"2026-01-04","238","68cab34d-417c-457b-ab47-004f0c079168","cluster","BMS通讯丢失","4/1/2026 06:10:50","4/1/2026 06:10:58"
"2026-01-04","238","dfd018f8-8951-4476-82d5-9275b6850284","cluster","BMS通讯丢失","4/1/2026 06:11:16","4/1/2026 06:11:32"
"2026-01-04","238","5ef0a28d-1369-4e15-b725-a7b6b65f8c59","pcs","PCS通讯丢失","4/1/2026 06:11:33","4/1/2026 06:11:42"
"2026-01-04","238","4cb83a0a-8c25-48eb-80c4-42864b8758d3","pcs","PCS通讯丢失","4/1/2026 06:11:44","4/1/2026 06:11:55"
"2026-01-04","238","27732f75-e164-4c5b-bde7-2f97a128dfea","pcs","PCS通讯丢失","4/1/2026 06:11:55","4/1/2026 06:12:00"
"2026-01-05","205","413a1ce0-1189-40ce-a0f6-7bc78be7bb91","lc","LC采集通讯丢失","5/1/2026 01:25:27","5/1/2026 01:25:32"
"2026-01-05","173","ac173a1c-e535-415f-8039-7b20c9de064a","lc","历史数据库异常丢失","5/1/2026 14:45:55","5/1/2026 14:46:57"
"2026-01-05","173","ffe78bf5-99c0-4856-8580-69b980ac3b06","lc","历史数据库异常丢失","5/1/2026 15:54:46","5/1/2026 15:55:46"
"2026-01-05","205","d8e43773-01e1-48d2-b3b1-df52d8a578fd","lc","LC采集通讯丢失","5/1/2026 17:33:55","5/1/2026 17:34:27"
"2026-01-05","205","cc48a134-ff97-4f49-b3aa-c44e5a7cd50c","lc","LC控制通信丢失","5/1/2026 17:33:56","5/1/2026 17:34:23"
"2026-01-05","205","ef08c607-cf88-4a9d-9e38-242dad561647","lc","LC控制通信丢失","5/1/2026 17:33:55","5/1/2026 17:34:32"
"2026-01-05","205","e4660e42-b14e-4554-a4af-49926239eb2d","lc","LC采集通讯丢失","5/1/2026 17:33:56","5/1/2026 17:34:33"
"2026-01-05","205","494206ec-0b63-454b-a39f-7ef0be77f4f5","lc","LC控制通信丢失","5/1/2026 17:33:55","5/1/2026 17:34:28"
"2026-01-05","205","8b8fae8f-81d0-44f9-a3be-f3d7218071ab","lc","LC采集通讯丢失","5/1/2026 17:33:56","5/1/2026 17:34:34"
"2026-01-06","287","01cebc2d-5a97-48bd-8300-e3cad3d98bf0","ems","4G模组挂载丢失","6/1/2026 02:51:33","6/1/2026 02:53:08"
"2026-01-06","287","00f4020a-2195-47b7-9d63-a0aed6171d71","ems","高压电表数据 udp 广播接收超时异常","6/1/2026 02:50:40","6/1/2026 02:52:20"
"2026-01-06","287","b330c45c-9920-43e9-98d9-bfc3bba5aa71","ems","4G模组挂载丢失","6/1/2026 02:52:27","6/1/2026 02:53:29"
"2026-01-06","282","7d61a170-aabd-41af-b518-12fd743ebaab","ems","4G模组挂载丢失","6/1/2026 09:09:26","6/1/2026 09:11:00"
"2026-01-07","173","11adc978-78fa-44ff-b0a4-8254fd1d954b","ems","4G模组挂载丢失","7/1/2026 11:37:22","7/1/2026 11:38:24"
"2026-01-08","208","f1b471bb-76d5-4c62-a70c-8cc9a9cf3491","lc","LC控制通信丢失","8/1/2026 07:24:21","8/1/2026 07:25:07"
"2026-01-08","208","5f0ad1ca-3644-4183-bef8-e50c78438e33","lc","LC控制通信丢失","8/1/2026 07:25:13","8/1/2026 07:28:59"
"2026-01-08","208","23a00ec4-3f54-4465-a9a0-2f079d6c2d76","pcs","LC通信连接超时","8/1/2026 07:25:00","8/1/2026 07:25:23"
"2026-01-08","208","68976bdf-2815-4b76-bc58-48cab28d97d5","pcs","LC通信连接超时","8/1/2026 07:24:33","8/1/2026 07:24:47"
"2026-01-08","208","40d1c5b7-602f-41bf-858b-833ddadb4fb4","pcs","LC通信连接超时","8/1/2026 07:25:23","8/1/2026 07:25:30"
"2026-01-08","208","1ec0a530-636d-4bf5-a05b-3494d661c196","lc","LC控制通信丢失","8/1/2026 07:29:00","8/1/2026 07:29:06"
"2026-01-08","208","fdc1caea-43be-4b35-ba39-4a81e248e72f","pcs","LC通信连接超时","8/1/2026 07:28:48","8/1/2026 07:29:04"
"2026-01-08","208","0e02e70f-413b-49d1-8078-528094e969d5","lc","LC控制通信丢失","8/1/2026 07:29:20","8/1/2026 07:31:59"
"2026-01-08","208","4871ee74-034d-4c85-86cd-bdb78edad585","lc","LC控制通信丢失","8/1/2026 07:29:56","8/1/2026 07:30:01"
"2026-01-08","208","590c7db4-fbf9-4781-8971-9cb9b92c3d22","pcs","LC通信连接超时","8/1/2026 07:29:54","8/1/2026 07:30:01"
"2026-01-08","208","34732416-6fce-4f4b-bc0c-9c81259c0c22","lc","LC控制通信丢失","8/1/2026 07:30:19","8/1/2026 07:32:24"
"2026-01-08","208","36fbf121-d9ff-4112-a883-5463c2a57680","pcs","LC通信连接超时","8/1/2026 07:31:58","8/1/2026 07:32:00"
"2026-01-08","208","a8023cda-d9a5-4887-a2ce-455dcfe36101","pcs","LC通信连接超时","8/1/2026 07:32:22","8/1/2026 07:32:25"
"2026-01-08","208","f189118b-0ac9-4a38-ba14-b527e7311f7a","lc","电池舱开门","8/1/2026 07:33:45","8/1/2026 07:38:56"
"2026-01-08","208","bbc9f54f-0037-4de7-b82d-da46343df88d","pcs","直流输入欠压","8/1/2026 07:35:08","8/1/2026 07:40:30"
"2026-01-08","208","23620b37-b7fe-45bd-b33b-e7f1e303758e","cluster","内总压采集故障","8/1/2026 07:35:13","8/1/2026 07:40:29"
"2026-01-08","208","e6ff49a4-5012-4388-b201-976657882494","lc","除湿20分钟","8/1/2026 07:38:56","8/1/2026 07:38:59"
"2026-01-08","208","1d5b0ffa-fe8b-44dd-8d9f-c1215b45e7ed","lc","电池舱开门","8/1/2026 07:38:57","8/1/2026 07:39:22"
"2026-01-08","208","de4656d4-145e-4aad-879f-04780d745ce3","lc","除湿20分钟","8/1/2026 07:39:20","8/1/2026 07:39:50"
"2026-01-08","208","525b9831-34d1-463e-b2bd-8a2b335cb8ac","lc","电池舱开门","8/1/2026 07:39:48","8/1/2026 07:39:54"
"2026-01-08","208","1ee4c8cf-8071-40ff-ad9b-b8cc88f2cc34","lc","除湿20分钟","8/1/2026 07:39:53","8/1/2026 07:41:41"
"2026-01-08","208","ccd797fc-d5f7-4473-9569-2a47d7e53b02","pcs","紧急停机","8/1/2026 07:40:48","8/1/2026 07:41:41"
"2026-01-08","208","ce52eb0f-93ac-4495-810f-79309401c7b2","lc","LC控制通信丢失","8/1/2026 07:40:57","8/1/2026 07:41:07"
"2026-01-08","208","8176833b-c20d-4259-9775-307deb314e71","lc","LC控制通信丢失","8/1/2026 07:40:57","8/1/2026 07:41:41"
"2026-01-08","208","3388769c-7b78-4c67-96bd-3e6ce86bb5fa","pcs","LC通信连接超时","8/1/2026 07:41:39","8/1/2026 07:41:43"
"2026-01-08","208","f46db514-f75b-4689-8105-291ce2f6ee15","pcs","紧急停机","8/1/2026 07:41:39","8/1/2026 07:41:53"
"2026-01-08","208","8a09aae9-0b6e-42fa-90b2-078b2e33c8b3","pcs","直流输入欠压","8/1/2026 08:01:09","8/1/2026 08:05:10"
"2026-01-08","208","c624c78b-c3c7-412b-8fd0-e2d0ce7957be","cluster","内总压采集故障","8/1/2026 08:01:15","8/1/2026 08:05:08"
"2026-01-08","208","96758dcd-8efa-4335-bb69-21c187f4dfba","pcs","直流输入欠压","8/1/2026 08:15:18","8/1/2026 08:19:36"
"2026-01-08","208","0cbbaf75-6f19-4a4b-9d30-7fd89987acab","cluster","内总压采集故障","8/1/2026 08:15:23","8/1/2026 08:19:34"
"2026-01-08","208","5d196fcd-2178-4d9f-be88-0834fd9aa154","pcs","直流输入欠压","8/1/2026 08:31:09","8/1/2026 08:36:10"
"2026-01-08","208","7c92d8a8-ddc5-494a-bd87-12e61a78376b","cluster","内总压采集故障","8/1/2026 08:31:14","8/1/2026 08:36:08"
"2026-01-08","208","110cb8e5-6052-4ee9-be09-f73d9ddc9eba","lc","电池舱开门","8/1/2026 08:35:54","8/1/2026 08:36:21"
"2026-01-08","208","e7e9cac4-4223-4e3c-aab5-09c74a358ea5","lc","除湿20分钟","8/1/2026 08:36:19","8/1/2026 08:37:14"
"2026-01-08","208","08c031a0-7ef6-4303-842a-1134a174dd08","pcs","紧急停机","8/1/2026 08:36:26","8/1/2026 08:37:14"
"2026-01-08","208","2472efa2-1034-4a5a-92bf-618fb4b4586c","lc","LC控制通信丢失","8/1/2026 08:36:35","8/1/2026 08:39:04"
"2026-01-08","208","550f7195-0ffd-41f4-967d-bb6c9ef3fa4c","lc","LC控制通信丢失","8/1/2026 08:36:35","8/1/2026 08:37:15"
"2026-01-08","208","dd6910b8-2374-429e-b6c3-de66393bfb7e","pcs","LC通信连接超时","8/1/2026 08:37:13","8/1/2026 08:37:15"
"2026-01-08","208","8b66e526-291b-4c05-9f24-e672aeab52ab","pcs","紧急停机","8/1/2026 08:37:13","8/1/2026 08:37:26"
"2026-01-08","208","5ba9f6db-8357-4f97-ad71-72f5fe45ee7b","pcs","LC通信连接超时","8/1/2026 08:39:03","8/1/2026 08:39:06"
"2026-01-09","231","f1e7893c-1322-48be-8881-7fb64022b0e1","lc","历史数据库异常丢失","9/1/2026 11:37:43","9/1/2026 11:38:44"
"2026-01-10","245","84c8a871-4134-440a-899f-e556a9bfa9e3","lc","LC采集通讯丢失","10/1/2026 19:39:07","10/1/2026 19:39:11"
"2026-01-10","245","05438313-871f-4f8e-bea5-8081454f5589","lc","LC采集通讯丢失","10/1/2026 19:38:53","10/1/2026 19:38:57"
"2026-01-10","245","12c2f457-5b0c-4185-81d9-0d110881abe6","lc","LC采集通讯丢失","10/1/2026 19:39:07","10/1/2026 19:39:15"
"2026-01-11","205","e0a39f85-94a4-435c-b53f-413e49370b43","lc","LC采集通讯丢失","11/1/2026 19:55:37","11/1/2026 19:55:41"
"2026-01-11","205","35917343-fec5-468e-85e8-5fd7ad334533","lc","LC采集通讯丢失","11/1/2026 19:55:38","11/1/2026 19:55:42"
"2026-01-11","205","90b4e568-fe22-4433-af39-6eb364c6a52f","lc","LC采集通讯丢失","11/1/2026 19:55:38","11/1/2026 19:55:43"
"2026-01-11","205","07548f01-61ee-40f4-af6c-ed4160ead363","lc","LC采集通讯丢失","11/1/2026 19:55:46","11/1/2026 19:55:50"
"2026-01-12","278","bfde204e-a177-4939-91c1-1a5c704fba6e","lc","LC控制通信丢失","12/1/2026 08:42:52","12/1/2026 08:47:53"
"2026-01-12","278","7c3578a4-2fcf-4769-8e21-78c060ff7a15","lc","LC控制通信丢失","12/1/2026 08:42:52","12/1/2026 08:47:53"
"2026-01-12","278","07fa677f-4480-4a1d-9b16-0b47023d7bc1","ems","高压电表数据 udp 广播发送异常","12/1/2026 08:39:06","12/1/2026 08:41:01"
"2026-01-12","278","0f22d8ab-e5a1-4c12-9f70-49d9cb35c540","ems","高压电表数据 udp 广播接收超时异常","12/1/2026 08:39:06","12/1/2026 08:41:01"
"2026-01-12","278","4cfb17e4-c685-41b6-ade8-73b6d7150837","highMeter","变压器侧电表通讯丢失","12/1/2026 08:39:11","12/1/2026 08:41:01"
"2026-01-12","278","e46dc584-e332-4abc-ab85-7f7845c565b1","highMeter","变压器侧电表通讯丢失","12/1/2026 08:41:06","12/1/2026 08:43:00"
"2026-01-12","278","687ac3cc-9823-4356-b5df-3aad34172538","highMeter","变压器侧电表通讯丢失","12/1/2026 08:43:06","12/1/2026 10:24:15"
"2026-01-12","278","55376cc0-8691-4acd-ab6f-692b05bc4f69","lc","LC控制通信丢失","12/1/2026 08:43:30","12/1/2026 08:43:34"
"2026-01-12","278","8988de4d-51fe-4481-9528-fa8a5a81364f","lc","LC控制通信丢失","12/1/2026 08:43:30","12/1/2026 08:43:35"
"2026-01-12","278","f606778b-5389-4c42-92f9-fcefb9892dcd","lc","LC控制通信丢失","12/1/2026 08:43:59","12/1/2026 08:44:03"
"2026-01-12","278","34b0abfc-9ca8-4397-b9a2-31c8f0c167c0","lc","LC控制通信丢失","12/1/2026 08:43:59","12/1/2026 08:44:04"
"2026-01-12","278","13e7fc6d-945b-4a9b-ad66-f05ab06370dd","lc","LC控制通信丢失","12/1/2026 08:44:04","12/1/2026 08:44:11"
"2026-01-12","278","f64575c9-d5db-40d0-b1f5-03de0e4bef68","pcs","紧急停机","12/1/2026 08:45:05","12/1/2026 08:45:38"
"2026-01-12","278","7cdb6a92-9081-44d8-ae8d-908db0ff227f","cluster","BMS通讯丢失","12/1/2026 08:45:13","12/1/2026 08:45:24"
"2026-01-12","278","6185d526-7b74-461a-a57c-48436032c887","cluster","BMS通讯丢失","12/1/2026 08:52:23","12/1/2026 08:52:27"
"2026-01-12","278","57739d84-c48a-44c1-b811-67eedddf85b3","pcs","紧急停机","12/1/2026 08:54:41","12/1/2026 08:55:14"
"2026-01-12","278","ffd14fee-5699-4c2d-a318-2d364903a3ad","cluster","BMS通讯丢失","12/1/2026 08:54:50","12/1/2026 08:55:00"
"2026-01-12","278","9160841e-a630-4fbc-8304-3d190d595766","pcs","交流母线欠频","12/1/2026 08:56:38","12/1/2026 08:56:55"
"2026-01-12","278","e9f7744a-b921-46b6-9a13-6b17f9ef6b9e","lc","QF1（电网）反馈","12/1/2026 08:56:38","12/1/2026 08:56:55"
"2026-01-12","278","bde7b2c3-2732-4b48-9dc1-212535ea3527","pcs","交流母线欠压","12/1/2026 08:56:38","12/1/2026 08:56:55"
"2026-01-12","278","f36535a8-4cfb-4aa9-b4d0-0f963de3f3f6","lc","QF2（电池簇）反馈","12/1/2026 08:56:39","12/1/2026 08:56:55"
"2026-01-12","278","c33ecdf0-5479-4585-95dc-b9172b2d2aae","lc","LC控制通信丢失","12/1/2026 08:56:46","12/1/2026 10:24:15"
"2026-01-12","278","a230bbd6-67cc-4c35-8667-33a74e5de9c9","lc","LC控制通信丢失","12/1/2026 08:56:48","12/1/2026 10:24:16"
"2026-01-12","278","d2acd9e6-5478-4a70-87b8-e07f978f9365","highMeter","变压器侧电表通讯丢失","12/1/2026 10:24:23","12/1/2026 11:48:51"
"2026-01-12","278","cd09aaed-1327-4f54-9453-dffdbf0ec7d1","ems","4G模组挂载丢失","12/1/2026 10:24:25","12/1/2026 11:49:00"
"2026-01-12","278","23f426c6-e400-4520-94c1-d0262dcab418","lc","LC控制通信丢失","12/1/2026 10:24:41","12/1/2026 10:24:45"
"2026-01-12","278","693b20a2-f23a-4718-a3a7-b73de96a179d","lc","LC控制通信丢失","12/1/2026 10:24:46","12/1/2026 10:25:20"
"2026-01-12","278","6c995972-eec6-4e64-be7f-76e21abcecce","pcs","PCS通讯丢失","12/1/2026 12:14:47","12/1/2026 12:14:59"
"2026-01-12","278","24474c6e-9a8f-4b4e-8a87-ea813bbeab7a","ems","云平台通讯丢失","12/1/2026 10:58:21","12/1/2026 11:48:51"
"2026-01-12","278","46b84b43-0799-45d6-9795-89d76058e687","lc","LC控制通信丢失","12/1/2026 11:47:45","12/1/2026 11:48:52"
"2026-01-12","278","c6e90512-08f6-47cb-951d-165901282faf","lc","LC控制通信丢失","12/1/2026 11:47:29","12/1/2026 11:48:51"
"2026-01-12","278","4f9710d9-a26b-4379-b641-4aa1597e690b","highMeter","变压器侧电表通讯丢失","12/1/2026 11:48:58","13/1/2026 00:35:35"
"2026-01-12","278","93cd6944-dc07-4604-9241-9f00a6fff78a","ems","4G模组挂载丢失","12/1/2026 11:49:00","1/1/1970 00:00:00"
"2026-01-12","278","72c1ff10-ebd5-409f-8cff-fb0701a6a6a7","lc","LC控制通信丢失","12/1/2026 11:49:23","13/1/2026 00:35:39"
"2026-01-12","278","c7bf3af5-25da-4b5d-9770-54df05220c37","pcs","直流输入欠压","12/1/2026 11:49:24","13/1/2026 00:35:40"
"2026-01-12","278","839cb8aa-6a72-4e2e-94cd-ce247c76a3d6","lc","LC控制通信丢失","12/1/2026 11:49:35","13/1/2026 05:51:31"
"2026-01-12","278","bd2ff14f-6a01-4cde-8f21-273f0ffc4d84","pcs","直流输入欠压","12/1/2026 11:49:40","13/1/2026 00:35:45"
"2026-01-12","278","e35ef470-6401-48d9-abdb-36420846051c","pcs","PCS通讯丢失","12/1/2026 12:09:18","12/1/2026 12:09:20"
"2026-01-12","278","c0713271-5cc3-4eeb-b94b-cfdfaa42a9c3","lc","LC控制通信丢失","12/1/2026 12:24:36","12/1/2026 12:24:45"
"2026-01-12","278","32b454ff-3abc-450d-9d3f-17004edb7c63","lc","LC控制通信丢失","12/1/2026 12:27:34","12/1/2026 12:28:46"
"2026-01-12","278","d86a575c-16e9-44d9-9659-056bdf22a963","pcs","PCS通讯丢失","12/1/2026 12:24:45","12/1/2026 12:24:45"
"2026-01-12","278","3157f536-ec53-4d74-a249-66adbcde3707","ems","4G模组挂载丢失","12/1/2026 12:24:13","12/1/2026 12:26:01"
"2026-01-12","278","6671a21b-e586-4224-9d73-9e8920ff0623","pcs","LC通信连接超时","12/1/2026 12:28:22","12/1/2026 12:28:23"
"2026-01-12","278","2c32f842-fb33-4981-b84f-fbf369fad9ad","pcs","紧急停机","12/1/2026 12:28:21","12/1/2026 12:28:34"
"2026-01-12","278","e49250e9-bd44-46fe-a3d6-ceafa01de2ae","lc","LC控制通信丢失","12/1/2026 12:31:59","13/1/2026 06:00:26"
"2026-01-14","173","f5303171-4c70-4aad-9e5b-5ca7cbbc56f9","lc","电池舱开门","14/1/2026 04:26:56","14/1/2026 04:30:03"
"2026-01-14","173","a76758a5-47e3-46cb-8dee-b9731afc32b4","lc","电池舱开门","14/1/2026 04:27:41","14/1/2026 04:31:09"
"2026-01-14","173","5658ecc2-7936-46c2-8d1a-57d3ba6af2c4","lc","电池舱开门","14/1/2026 04:28:12","14/1/2026 04:32:27"
"2026-01-14","173","c0c75a99-cf93-456e-abc7-0ba9c2f25e62","lc","电池舱开门","14/1/2026 04:29:25","14/1/2026 04:34:09"
"2026-01-14","173","5ff4300f-9149-4696-8773-7c275ceba793","lc","除湿20分钟","14/1/2026 04:30:02","14/1/2026 04:50:17"
"2026-01-14","173","d91da6c7-800b-4fb1-aa39-689e8e91d687","lc","除湿20分钟","14/1/2026 04:31:06","14/1/2026 04:51:22"
"2026-01-14","173","c15e048e-6e33-4aea-852e-1a3b748f8a48","lc","电池舱开门","14/1/2026 04:32:07","14/1/2026 04:36:01"
"2026-01-14","173","337fe008-4c5f-4097-a0bc-3ae9b5a0c2ef","lc","除湿20分钟","14/1/2026 04:32:26","14/1/2026 04:52:40"
"2026-01-14","173","464f5918-3307-4f4e-bb7d-2c82f9e90c6b","lc","除湿20分钟","14/1/2026 04:34:07","14/1/2026 04:54:22"
"2026-01-14","173","d623ae02-72d4-40ee-8d0c-a44984d97172","lc","电池舱开门","14/1/2026 04:34:54","14/1/2026 04:38:49"
"2026-01-14","173","e134c6f6-2a9b-48b2-97bc-713d5c2849be","lc","电池舱开门","14/1/2026 04:35:20","14/1/2026 04:35:42"
"2026-01-14","173","665b3289-0a93-4cf5-b9aa-ac380c84047c","lc","除湿20分钟","14/1/2026 04:35:41","14/1/2026 04:55:54"
"2026-01-14","173","f6fab108-49bf-4647-87fa-c185987b39d2","lc","除湿20分钟","14/1/2026 04:36:00","14/1/2026 04:56:14"
"2026-01-14","173","448e44b8-57c2-4f7b-b39c-c275dcb30870","lc","电池舱开门","14/1/2026 04:37:27","14/1/2026 04:38:03"
"2026-01-14","173","a45530f9-a264-4048-a42b-ab1fd8679e4c","lc","电池舱开门","14/1/2026 04:37:38","14/1/2026 04:40:23"
"2026-01-14","173","855cb8df-eb94-4267-a54b-1878d7fda733","lc","除湿20分钟","14/1/2026 04:38:02","14/1/2026 04:58:17"
"2026-01-14","173","ffb30d4f-b1c1-404b-9950-d960886b319f","lc","电池舱开门","14/1/2026 04:38:48","14/1/2026 04:39:14"
"2026-01-14","173","d93ae0c9-681d-4f60-a782-212c1ffa6f0f","lc","除湿20分钟","14/1/2026 04:38:46","14/1/2026 04:59:02"
"2026-01-14","173","5bc69d12-9d01-495d-bb93-c06fd7a22f6a","lc","除湿20分钟","14/1/2026 04:39:13","14/1/2026 04:59:27"
"2026-01-14","173","45b1c840-f35d-412c-96fb-50def5e0cb93","lc","除湿20分钟","14/1/2026 04:40:23","14/1/2026 05:00:36"
"2026-01-14","238","7302f0b9-f6ff-47e2-a1ef-01c175f1216c","lc","电池舱开门","14/1/2026 07:08:33","14/1/2026 07:21:43"
"2026-01-14","238","c15f0a4e-f723-46ed-a54a-adfb4565d230","ac","空调通讯丢失","14/1/2026 07:12:23","14/1/2026 08:16:32"
"2026-01-14","238","f7c00a94-e694-4bea-8b6f-fce713e338de","lc","除湿20分钟","14/1/2026 07:21:41","14/1/2026 07:24:29"
"2026-01-14","238","35cca9b4-f914-4d41-ba6a-59a949ce2f7b","lc","电池舱开门","14/1/2026 07:24:18","14/1/2026 08:16:32"
"2026-01-14","238","a0138de0-7529-4235-b8e4-9edcadf60ccc","pcs","交流母线欠压","14/1/2026 07:27:03","14/1/2026 08:16:32"
"2026-01-14","238","7759b284-f3ce-4eae-98e7-1b535cea0bbc","lc","QF1（电网）反馈","14/1/2026 07:27:03","14/1/2026 08:16:32"
"2026-01-14","238","935bdbf3-e0eb-4645-ae93-a09445ffb9a3","lc","LC控制通信丢失","14/1/2026 07:27:12","14/1/2026 08:16:18"
"2026-01-14","238","7d02dea6-6022-4f8b-b563-8e8a9fb6d6fb","lc","LC控制通信丢失","14/1/2026 07:27:12","14/1/2026 07:27:23"
"2026-01-14","238","78688ef2-ffae-449c-a14b-6affa6f3e37d","lc","LC控制通信丢失","14/1/2026 07:27:12","14/1/2026 07:27:24"
"2026-01-14","238","ad74e915-2417-4776-b699-62df35af8bf6","lc","LC控制通信丢失","14/1/2026 07:27:12","14/1/2026 07:27:25"
"2026-01-14","238","79a2979b-a7e5-458b-9741-2307781743f8","lc","LC控制通信丢失","14/1/2026 08:15:17","14/1/2026 08:15:20"
"2026-01-14","238","eb7f0bd5-a3b5-404b-b34c-5981e0e200e7","lc","LC控制通信丢失","14/1/2026 08:15:17","14/1/2026 08:18:07"
"2026-01-14","238","233a7f22-e48b-4247-af37-0af1eec48e31","lc","LC控制通信丢失","14/1/2026 08:15:17","14/1/2026 08:18:09"
"2026-01-14","238","cf4062e4-6833-4059-888c-8fa3196f9b05","lc","LC控制通信丢失","14/1/2026 08:15:17","14/1/2026 08:18:08"
"2026-01-14","238","d001626a-c123-4ba4-afb9-fe185dc2a470","ems","高压电表数据 udp 广播接收超时异常","14/1/2026 08:18:05","14/1/2026 08:18:12"
"2026-01-14","238","4eedfd90-feac-44b3-8a7c-780496ae1a93","ems","高压电表数据 udp 广播接收超时异常","14/1/2026 08:18:05","14/1/2026 08:18:11"
"2026-01-15","283","5b9f2ff0-8d54-4aae-99ff-92e85f6cdf67","lc","电池舱开门","15/1/2026 02:03:51","15/1/2026 02:04:11"
"2026-01-15","283","7b584335-e415-4b30-8e18-ad507a25a9c1","lc","除湿20分钟","15/1/2026 02:04:11","15/1/2026 02:15:37"
"2026-01-15","283","f6f088da-c016-4893-bea5-0b2036512d7e","lc","电池舱开门","15/1/2026 02:10:05","15/1/2026 02:14:50"
"2026-01-15","283","82eac4c5-4295-47f9-a525-089f9a858d90","lc","除湿20分钟","15/1/2026 02:14:47","15/1/2026 02:35:03"
"2026-01-15","283","45e06ce6-d8f3-4766-a9c7-caa8b9ececf5","lc","电池舱开门","15/1/2026 02:15:35","15/1/2026 02:18:06"
"2026-01-15","283","e1c07e71-30ff-4695-8f32-7687aaf656ab","lc","除湿20分钟","15/1/2026 02:18:06","15/1/2026 02:38:19"
"2026-01-15","283","5f67d41e-e1cc-42af-b51d-a8dfa627dcd3","lc","电池舱开门","15/1/2026 03:42:28","15/1/2026 03:45:14"
"2026-01-15","283","1b331349-8721-4af5-adb8-09837be10309","lc","除湿20分钟","15/1/2026 03:45:11","15/1/2026 04:05:26"
"2026-01-15","238","a95052c3-1848-4a7c-b4a5-93902d389bec","lc","电池舱开门","15/1/2026 05:26:29","15/1/2026 05:42:09"
"2026-01-15","238","6658cd60-4d96-4cbb-be89-77c8b98eb237","lc","除湿20分钟","15/1/2026 05:42:08","15/1/2026 06:02:35"
"2026-01-15","238","04276589-878f-4d20-ad2d-d32b9c9c64dd","lc","电池舱开门","15/1/2026 05:43:46","15/1/2026 06:34:38"
"2026-01-15","238","2d4818d6-030a-45ba-97fa-378213b7e4c9","lc","电池舱开门","15/1/2026 06:02:30","15/1/2026 06:25:48"
"2026-01-15","238","2d30d959-a3e8-4a17-994a-c8992d3bbc21","lc","电池舱开门","15/1/2026 06:03:05","15/1/2026 06:29:40"
"2026-01-15","238","d09dc69d-c85a-45d0-9dbd-215b67a3f6de","lc","电池舱开门","15/1/2026 06:18:16","15/1/2026 06:29:30"
"2026-01-15","238","249eaee4-7b8b-4e20-917a-e75347629b18","lc","除湿20分钟","15/1/2026 06:25:45","15/1/2026 06:46:11"
"2026-01-15","238","b05abd6b-d37f-4527-962e-d9e75290a901","lc","除湿20分钟","15/1/2026 06:29:26","15/1/2026 06:49:47"
"2026-01-15","238","ef24a5c8-c492-4f00-9b58-62dc5a0bb240","lc","除湿20分钟","15/1/2026 06:29:37","15/1/2026 06:49:57"
"2026-01-15","238","3a59b708-8425-45cc-a3c5-4e751e800d95","lc","除湿20分钟","15/1/2026 06:34:37","15/1/2026 06:54:55"
"2026-01-15","238","23335afc-ca39-4120-9d82-5018e1aa0bf7","lc","电池舱开门","15/1/2026 07:06:17","15/1/2026 07:30:03"
"2026-01-15","238","e8aadf78-9e9c-4944-a4ea-60fcfae6fb82","lc","电池舱开门","15/1/2026 07:14:14","15/1/2026 07:16:46"
"2026-01-15","238","15dd7ee3-cbd6-4754-ad2d-a97e34cd5378","lc","除湿20分钟","15/1/2026 07:16:44","15/1/2026 07:24:46"
"2026-01-15","238","29017f25-5ac7-453b-8bbc-34eeff98cd90","lc","电池舱开门","15/1/2026 07:24:34","15/1/2026 07:24:56"
"2026-01-15","238","fa069c5a-bf26-4aeb-b1f4-7d85098f89a7","lc","除湿20分钟","15/1/2026 07:24:54","15/1/2026 07:37:26"
"2026-01-15","238","0764ab27-f44a-4773-9727-42997c2b01df","lc","除湿20分钟","15/1/2026 07:30:01","15/1/2026 07:50:25"
"2026-01-15","238","7493e91c-8cd0-41b5-afd5-5262a39ee273","lc","电池舱开门","15/1/2026 08:05:06","15/1/2026 08:05:42"
"2026-01-15","238","93dcc8c4-130a-4b52-b382-38ea08c532da","lc","除湿20分钟","15/1/2026 08:05:41","15/1/2026 08:08:50"
"2026-01-15","238","44e9301c-f451-4fbf-8629-9636b40a25fb","lc","电池舱开门","15/1/2026 08:07:30","15/1/2026 08:07:50"
"2026-01-15","238","6336d001-b7c8-4cc6-8da0-f808472167f2","lc","除湿20分钟","15/1/2026 08:07:48","15/1/2026 08:27:59"
"2026-01-15","238","dfcbc9e9-58b5-4c3c-932c-06a4a9bca41e","lc","电池舱开门","15/1/2026 08:08:39","15/1/2026 08:09:01"
"2026-01-15","238","4c408546-d12d-4e0e-95ae-0910714f5730","lc","除湿20分钟","15/1/2026 08:09:00","15/1/2026 08:26:31"
"2026-01-15","238","8f6488a7-3988-464c-8078-17441c2ee5a7","lc","电池舱开门","15/1/2026 08:10:23","15/1/2026 08:14:17"
"2026-01-15","238","27c1d871-1cf1-426d-8e63-99508eaea8bd","lc","除湿20分钟","15/1/2026 08:14:15","15/1/2026 08:34:36"
